WigleWifi-1.4,appRelease=2.25,model=SM-A520F,release=6.0.1,device=a5y17lte,display=MMB29K.A520FXXU1AQF3,board=universal7880,brand=samsung
MAC,SSID,AuthMode,FirstSeen,Channel,RSSI,CurrentLatitude,CurrentLongitude,AltitudeMeters,AccuracyMeters,Type
7c:b7:33:2e:76:73,Mouly,[WPA-PSK-CCMP+TKIP][WPA2-PSK-CCMP+TKIP][ESS][BLE],2017-10-27 16:34:47,11,-78,32.1675586234778,34.8099447973073,61.7000007629395,5.5,WIFI
0a:8d:db:6e:71:6d,888Corp,[WPA2-EAP-CCMP][ESS],2017-10-27 16:34:47,1,-84,32.1675586234778,34.8099447973073,61.7000007629395,5.5,WIFI
0a:8d:db:6e:71:bf,888Corp,[WPA2-EAP-CCMP][ESS],2017-10-27 16:34:47,1,-84,32.1675586234778,34.8099447973073,61.7000007629395,5.5,WIFI
78:e8:b6:69:2a:e9,smartsell,[WPA-PSK-CCMP+TKIP][WPA2-PSK-CCMP+TKIP][ESS][BLE],2017-10-27 16:34:47,11,-87,32.1675586234778,34.8099447973073,61.7000007629395,5.5,WIFI
06:8d:db:6e:71:6d,,[ESS],2017-10-27 16:34:47,1,-86,32.1675586234778,34.8099447973073,61.7000007629395,5.5,WIFI
_6601_3021435,,UNKNOWN;il,2017-10-27 16:34:47,0,-113,32.1675586234778,34.8099447973073,61.7000007629395,5.5,GSM
02:8d:db:6e:71:6d,,[ESS],2017-10-27 16:34:53,1,-90,32.1675586234778,34.8099447973073,61.7000007629395,5.5,WIFI
0a:8d:cb:6e:71:6d,888Corp,[WPA2-EAP-CCMP][ESS],2017-10-27 16:34:58,44,-84,32.1675586234778,34.8099447973073,61.7000007629395,5,WIFI
0a:8d:db:6e:71:be,888Corp,[WPA2-EAP-CCMP][ESS],2017-10-27 16:34:58,11,-93,32.1675586234778,34.8099447973073,61.7000007629395,5,WIFI
aa:6b:ad:04:c6:a8,DIRECT-a8-HP M477 LaserJet,[WPA2-PSK-CCMP][ESS][P2P],2017-10-27 16:34:58,6,-91,32.1675586234778,34.8099447973073,61.7000007629395,5,WIFI
06:8d:db:6e:71:be,,[ESS],2017-10-27 16:35:05,11,-92,32.1675586234778,34.8099447973073,61.7000007629395,4.5,WIFI
0a:8d:db:6e:71:be,888Corp,[WPA2-EAP-CCMP][ESS],2017-10-27 16:35:17,11,-82,32.1675586234778,34.8099447973073,61.7000007629395,4,WIFI
aa:6b:ad:04:c6:a8,DIRECT-a8-HP M477 LaserJet,[WPA2-PSK-CCMP][ESS][P2P],2017-10-27 16:35:17,6,-85,32.1675586234778,34.8099447973073,61.7000007629395,4,WIFI
06:8d:db:6e:71:be,,[ESS],2017-10-27 16:35:17,11,-80,32.1675586234778,34.8099447973073,61.7000007629395,4,WIFI
00:78:9e:fa:15:91,MOULY MAISON,[WPA-PSK-CCMP+TKIP][WPA2-PSK-CCMP+TKIP][ESS],2017-10-27 16:35:17,1,-81,32.1675586234778,34.8099447973073,61.7000007629395,4,WIFI
50:a7:33:47:4f:a3,island-074FA0,[WPA2-PSK-CCMP][ESS],2017-10-27 16:35:17,6,-82,32.1675586234778,34.8099447973073,61.7000007629395,4,WIFI
ec:08:6b:38:0d:dd,RS_GUEST,[WPA2-PSK-CCMP][ESS][BLE],2017-10-27 16:35:17,13,-89,32.1675586234778,34.8099447973073,61.7000007629395,4,WIFI
78:e8:b6:69:2c:91,smartsell,[WPA-PSK-CCMP+TKIP][WPA2-PSK-CCMP+TKIP][ESS][BLE],2017-10-27 16:35:17,1,-87,32.1675586234778,34.8099447973073,61.7000007629395,4,WIFI
02:8d:db:6e:71:be,,[ESS],2017-10-27 16:35:17,11,-82,32.1675586234778,34.8099447973073,61.7000007629395,4,WIFI
ec:08:6b:38:0d:dd,RS_GUEST,[WPA2-PSK-CCMP][ESS][BLE],2017-10-27 16:35:23,13,-82,32.1675586234778,34.8099447973073,61.7000007629395,3.5,WIFI
0a:8d:cb:6e:71:bf,888Corp,[WPA2-EAP-CCMP][ESS],2017-10-27 16:35:23,44,-85,32.1675586234778,34.8099447973073,61.7000007629395,3.5,WIFI
b0:aa:77:f1:3a:68,Shaked-Guest WiFi,[WPA2-PSK-CCMP][WPS][ESS],2017-10-27 16:35:23,11,-89,32.1675586234778,34.8099447973073,61.7000007629395,3.5,WIFI
02:8d:db:6e:71:bf,,[ESS],2017-10-27 16:35:23,1,-87,32.1675586234778,34.8099447973073,61.7000007629395,3.5,WIFI
00:f6:63:15:58:82,KaymeraGuest,[ESS][BLE],2017-10-27 16:35:23,1,-88,32.1675586234778,34.8099447973073,61.7000007629395,3.5,WIFI
0a:8d:cb:6e:71:be,888Corp,[WPA2-EAP-CCMP][ESS],2017-10-27 16:35:29,44,-90,32.1675765188411,34.8099406063557,59.2000007629395,2.5,WIFI
02:8d:db:6e:71:6d,,[ESS],2017-10-27 16:35:29,1,-80,32.1675765188411,34.8099406063557,59.2000007629395,2.5,WIFI
06:8d:db:6e:71:bf,,[ESS],2017-10-27 16:35:29,1,-90,32.1675765188411,34.8099406063557,59.2000007629395,2.5,WIFI
00:f6:63:15:58:80,kaymeraQA,[WPA-PSK-CCMP+TKIP][WPA2-PSK-CCMP][ESS][P2P][BLE],2017-10-27 16:35:34,1,-89,32.1676037181169,34.8099287040532,50.9000015258789,2,WIFI
00:f6:63:15:58:81,KaymeraDev,[WPA2-PSK-CCMP][ESS][BLE],2017-10-27 16:35:34,1,-89,32.1676037181169,34.8099287040532,50.9000015258789,2,WIFI
94:f6:65:5b:b2:28,Efrat Networks MM,[WPA2-PSK-CCMP][ESS][BLE],2017-10-27 16:35:34,5,-90,32.1676037181169,34.8099287040532,50.9000015258789,2,WIFI
06:8d:db:6e:71:c1,,[ESS],2017-10-27 16:35:34,11,-90,32.1676037181169,34.8099287040532,50.9000015258789,2,WIFI
_6701_5730076,,UNKNOWN;il,2017-10-27 16:35:34,0,-113,32.1676037181169,34.8099287040532,50.9000015258789,2,GSM
06:8d:db:6e:71:bf,,[ESS],2017-10-27 16:35:39,1,-82,32.167478618212,34.8096843715757,44.2000007629395,2,WIFI
ec:08:6b:38:0d:dd,RS_GUEST,[WPA2-PSK-CCMP][ESS][BLE],2017-10-27 16:35:39,13,-74,32.167478618212,34.8096843715757,44.2000007629395,2,WIFI
14:ae:db:3d:b1:52,EL,[WPA2-PSK-CCMP][ESS],2017-10-27 16:35:39,9,-84,32.167478618212,34.8096843715757,44.2000007629395,2,WIFI
0a:8d:db:6e:71:da,888Corp,[WPA2-EAP-CCMP][ESS],2017-10-27 16:35:39,11,-89,32.167478618212,34.8096843715757,44.2000007629395,2,WIFI
f8:d1:11:b1:92:93,iFOREX,[WPA-PSK-CCMP+TKIP][WPA2-PSK-CCMP+TKIP-preauth][ESS],2017-10-27 16:35:39,13,-87,32.167478618212,34.8096843715757,44.2000007629395,2,WIFI
02:8d:db:6e:71:da,,[ESS],2017-10-27 16:35:39,11,-88,32.167478618212,34.8096843715757,44.2000007629395,2,WIFI
06:8d:db:6e:71:78,,[ESS],2017-10-27 16:35:39,1,-89,32.167478618212,34.8096843715757,44.2000007629395,2,WIFI
02:8d:db:6e:71:c1,,[ESS],2017-10-27 16:35:39,11,-89,32.167478618212,34.8096843715757,44.2000007629395,2,WIFI
74:da:38:b9:a7:bc,lavel-2_2,[WPA2-PSK-CCMP][WPS][ESS],2017-10-27 16:35:43,2,-87,32.1673412807286,34.8094732314348,39.7999992370605,1.5,WIFI
94:f6:65:1b:b2:28,Guest Neetwork MM,[WPA2-PSK-CCMP][ESS][BLE],2017-10-27 16:35:43,5,-95,32.1673412807286,34.8094732314348,39.7999992370605,1.5,WIFI
_6601_3021425,,UNKNOWN;il,2017-10-27 16:35:43,0,-113,32.1673412807286,34.8094732314348,39.7999992370605,1.5,GSM
14:ae:db:3d:b1:52,EL,[WPA2-PSK-CCMP][ESS],2017-10-27 16:35:47,9,-75,32.1671510534361,34.8091925214976,38.2999992370605,1.5,WIFI
f8:d1:11:b1:92:93,iFOREX,[WPA-PSK-CCMP+TKIP][WPA2-PSK-CCMP+TKIP-preauth][ESS],2017-10-27 16:35:47,13,-80,32.1671510534361,34.8091925214976,38.2999992370605,1.5,WIFI
74:da:38:ae:91:7b,lavel-2,[WPA2-PSK-CCMP-preauth][WPS][ESS][BLE],2017-10-27 16:35:47,2,-83,32.1671510534361,34.8091925214976,38.2999992370605,1.5,WIFI
90:8d:78:51:52:fc,brieftrace,[WPA2-PSK-CCMP][ESS][BLE],2017-10-27 16:35:47,12,-87,32.1671510534361,34.8091925214976,38.2999992370605,1.5,WIFI
90:6c:ac:f3:6a:69,Rainbow Medical,[WPA2-PSK-CCMP-preauth][ESS],2017-10-27 16:35:47,5,-91,32.1671510534361,34.8091925214976,38.2999992370605,1.5,WIFI
94:f6:65:1b:b2:28,Guest Neetwork MM,[WPA2-PSK-CCMP][ESS][BLE],2017-10-27 16:35:51,5,-87,32.1669723512605,34.8089787829667,35.9000015258789,1.5,WIFI
90:8d:78:51:52:fc,brieftrace,[WPA2-PSK-CCMP][ESS][BLE],2017-10-27 16:35:51,12,-80,32.1669723512605,34.8089787829667,35.9000015258789,1.5,WIFI
90:8d:78:51:52:fb,brieftrace5,[WPA2-PSK-CCMP+TKIP][ESS][BLE],2017-10-27 16:35:51,48,-93,32.1669723512605,34.8089787829667,35.9000015258789,1.5,WIFI
30:b5:c2:bd:55:32,CArgentina,[WPA-PSK-CCMP][WPA2-PSK-CCMP][WPS][ESS],2017-10-27 16:35:51,2,-87,32.1669723512605,34.8089787829667,35.9000015258789,1.5,WIFI
74:da:39:b9:a7:bd,lavel-2,[WPA2-PSK-CCMP][ESS],2017-10-27 16:35:51,2,-88,32.1669723512605,34.8089787829667,35.9000015258789,1.5,WIFI
a2:6c:ac:60:6c:8b,Maxillent_Guest,[WPA2-PSK-CCMP-preauth][ESS],2017-10-27 16:35:51,3,-89,32.1669723512605,34.8089787829667,35.9000015258789,1.5,WIFI
00:02:6f:a6:f1:f3,Pitarohecht,[WEP][ESS],2017-10-27 16:35:51,1,-84,32.1669723512605,34.8089787829667,35.9000015258789,1.5,WIFI
d8:5d:4c:d9:9e:ee,kopel_guest,[WPS][WEP][ESS],2017-10-27 16:35:51,1,-90,32.1669723512605,34.8089787829667,35.9000015258789,1.5,WIFI
94:f6:65:5b:b2:28,Efrat Networks MM,[WPA2-PSK-CCMP][ESS][BLE],2017-10-27 16:35:55,5,-88,32.1668896637857,34.8088518809527,36.4000015258789,1.5,WIFI
90:8d:78:51:52:fc,brieftrace,[WPA2-PSK-CCMP][ESS][BLE],2017-10-27 16:35:55,12,-74,32.1668896637857,34.8088518809527,36.4000015258789,1.5,WIFI
cc:b2:55:e8:4c:e6,INGENEO,[WPA2-PSK-CCMP+TKIP][ESS],2017-10-27 16:35:55,6,-82,32.1668896637857,34.8088518809527,36.4000015258789,1.5,WIFI
00:02:6f:bb:fd:ac,BlueSnap-Guest-2.4GHz,[WPA2-PSK-CCMP][ESS],2017-10-27 16:35:55,1,-80,32.1668896637857,34.8088518809527,36.4000015258789,1.5,WIFI
00:22:b0:b2:70:3c,DMB,[WPA2-PSK-CCMP+TKIP][WPS][ESS],2017-10-27 16:35:55,4,-88,32.1668896637857,34.8088518809527,36.4000015258789,1.5,WIFI
30:f7:72:6e:8e:a0,HP-Print-A0-LaserJet Pro MFP,[ESS],2017-10-27 16:35:55,6,-78,32.1668896637857,34.8088518809527,36.4000015258789,1.5,WIFI
c0:ff:d4:7b:82:30,Candan,[ESS][BLE],2017-10-27 16:35:55,1,-88,32.1668896637857,34.8088518809527,36.4000015258789,1.5,WIFI
14:ae:db:a3:90:15,HRZBOUTIKUE,[WPA-PSK-CCMP+TKIP][WPA2-PSK-CCMP+TKIP][WPS][ESS],2017-10-27 16:35:59,11,-86,32.1668622549623,34.8088165093213,36.9000015258789,1.5,WIFI
10:fe:ed:62:9e:1a,Crestron_23,[WPA2-PSK-CCMP][WPS][ESS],2017-10-27 16:35:59,4,-87,32.1668622549623,34.8088165093213,36.9000015258789,1.5,WIFI
94:10:3e:a8:34:a0,CMT-ALap,[WPA-PSK-CCMP+TKIP][WPA2-PSK-CCMP+TKIP][WPS][ESS][BLE],2017-10-27 16:36:04,36,-91,32.1668221056461,34.8087596800178,37.4000015258789,1.5,WIFI
00:1d:aa:7c:8c:f8,Kadabra-AP,[WPA-PSK-CCMP+TKIP][ESS][BLE],2017-10-27 16:36:04,11,-90,32.1668221056461,34.8087596800178,37.4000015258789,1.5,WIFI
02:1d:aa:7c:8c:f8,Kadabra-Guest,[WPA-PSK-CCMP][ESS][BLE],2017-10-27 16:36:04,11,-93,32.1668221056461,34.8087596800178,37.4000015258789,1.5,WIFI
ec:08:6b:38:0d:0d,RS_GUEST,[WPA2-PSK-CCMP][ESS][BLE],2017-10-27 16:36:08,44,-90,32.1668885741383,34.8085343744606,36.0999984741211,1.5,WIFI
ec:08:6b:38:0d:0e,RS_GUEST,[WPA2-PSK-CCMP][ESS][BLE],2017-10-27 16:36:08,12,-77,32.1668885741383,34.8085343744606,36.0999984741211,1.5,WIFI
10:fe:ed:62:9e:5c,RTI 15,[WPA2-PSK-CCMP][WPS][ESS],2017-10-27 16:36:08,5,-90,32.1668885741383,34.8085343744606,36.0999984741211,1.5,WIFI
d0:17:c2:60:e7:38,ASUS,[WPA2-PSK-CCMP][WPS][ESS],2017-10-27 16:36:08,3,-86,32.1668885741383,34.8085343744606,36.0999984741211,1.5,WIFI
18:1e:78:86:00:63,HOTFiber-2017,[WPA-PSK-CCMP+TKIP][WPA2-PSK-CCMP+TKIP][ESS],2017-10-27 16:36:12,1,-82,32.1670311922207,34.8081898782402,35.2999992370605,1.5,WIFI
d8:fe:e3:03:c7:b1,BENY PUR,[WPA2-PSK-CCMP][ESS],2017-10-27 16:36:12,6,-84,32.1670311922207,34.8081898782402,35.2999992370605,1.5,WIFI
00:f6:63:3a:f4:81,KaymeraDev,[WPA2-PSK-CCMP][ESS][BLE],2017-10-27 16:36:12,1,-85,32.1670311922207,34.8081898782402,35.2999992370605,1.5,WIFI
00:f6:63:3a:f4:80,kaymeraQA,[WPA-PSK-CCMP+TKIP][WPA2-PSK-CCMP][ESS][P2P][BLE],2017-10-27 16:36:12,1,-85,32.1670311922207,34.8081898782402,35.2999992370605,1.5,WIFI
30:e1:71:c5:17:eb,DIRECT-EA-HP OfficeJet Pro 6960,[WPA2-PSK-CCMP][WPS][ESS],2017-10-27 16:36:12,6,-89,32.1670311922207,34.8081898782402,35.2999992370605,1.5,WIFI
1c:b9:c4:4f:2f:08,DBSI,[WPA2-PSK-CCMP][ESS][BLE],2017-10-27 16:36:12,1,-90,32.1670311922207,34.8081898782402,35.2999992370605,1.5,WIFI
fa:8f:ca:93:a5:64,,[ESS],2017-10-27 16:36:12,6,-78,32.1670311922207,34.8081898782402,35.2999992370605,1.5,WIFI
00:f6:63:3a:f4:82,KaymeraGuest,[ESS][BLE],2017-10-27 16:36:12,1,-84,32.1670311922207,34.8081898782402,35.2999992370605,1.5,WIFI
5a:fe:e3:03:c7:b3,0506679780,[ESS],2017-10-27 16:36:12,6,-88,32.1670311922207,34.8081898782402,35.2999992370605,1.5,WIFI
_6601_3021425,,UNKNOWN;il,2017-10-27 16:36:12,0,-113,32.1670311922207,34.8081898782402,35.2999992370605,1.5,GSM
5a:fe:e3:03:c7:b3,0506679780,[ESS],2017-10-27 16:36:16,6,-82,32.1671979082748,34.8077343218029,36.0999984741211,1.5,WIFI
ec:08:6b:38:12:0c,Avi_PR_2.4G,[WPA2-PSK-CCMP][WPS][ESS][BLE],2017-10-27 16:36:16,12,-86,32.1671979082748,34.8077343218029,36.0999984741211,1.5,WIFI
30:b5:c2:bd:52:40,Rabia,[WPA2-PSK-CCMP][WPS][ESS],2017-10-27 16:36:20,6,-75,32.1673817653209,34.8072347603738,37,1.5,WIFI
a0:ab:1b:62:a7:bc,Home.,[WPA-PSK-CCMP+TKIP][WPA2-PSK-CCMP+TKIP][ESS][BLE],2017-10-27 16:36:20,2,-79,32.1673817653209,34.8072347603738,37,1.5,WIFI
c0:ac:54:f5:e9:c8,NIZZA333,[WPA-PSK-CCMP+TKIP][WPA2-PSK-CCMP+TKIP][WPS][ESS],2017-10-27 16:36:20,11,-88,32.1673817653209,34.8072347603738,37,1.5,WIFI
c4:e9:84:27:0c:aa,IDO,[WPA2-PSK-CCMP][WPS][ESS],2017-10-27 16:36:20,11,-89,32.1673817653209,34.8072347603738,37,1.5,WIFI
14:ae:db:3d:b1:52,EL,[WPA2-PSK-CCMP][ESS],2017-10-27 16:36:20,9,-89,32.1673817653209,34.8072347603738,37,1.5,WIFI
fc:3f:db:f1:00:fb,HP-Print-FB-Officejet Pro 8610,[ESS],2017-10-27 16:36:20,6,-90,32.1673817653209,34.8072347603738,37,1.5,WIFI
00:78:9e:fa:dc:f4,Barda,[WPA-PSK-CCMP+TKIP][WPA2-PSK-CCMP+TKIP][WPS][ESS],2017-10-27 16:36:24,1,-84,32.167559126392,34.8067280743271,38.0999984741211,1.5,WIFI
f4:6b:ef:e2:2c:1f,Casa1,[WPA-PSK-CCMP+TKIP][WPA2-PSK-CCMP+TKIP][ESS],2017-10-27 16:36:24,11,-82,32.167559126392,34.8067280743271,38.0999984741211,1.5,WIFI
c8:d3:ff:79:a3:db,DIRECT-DA-HP DeskJet 4670 series,[WPA2-PSK-CCMP][WPS][ESS][P2P],2017-10-27 16:36:24,9,-89,32.167559126392,34.8067280743271,38.0999984741211,1.5,WIFI
84:26:15:eb:2d:b3,Ester_wifi,[WPA2-PSK-CCMP][ESS][BLE],2017-10-27 16:36:24,11,-92,32.167559126392,34.8067280743271,38.0999984741211,1.5,WIFI
e0:ce:c3:8a:ad:63,BERTOC-HOT,[WPA-PSK-CCMP+TKIP][WPA2-PSK-CCMP+TKIP][ESS][BLE],2017-10-27 16:36:24,13,-91,32.167559126392,34.8067280743271,38.0999984741211,1.5,WIFI
72:0c:c8:10:c8:12,Bezeq Free D02536,[ESS][BLE],2017-10-27 16:36:24,1,-81,32.167559126392,34.8067280743271,38.0999984741211,1.5,WIFI
_6601_3021425,,UNKNOWN;il,2017-10-27 16:36:24,0,-113,32.167559126392,34.8067280743271,38.0999984741211,1.5,GSM
f4:f2:6d:af:4b:b2,SZALON,[WPA-PSK-CCMP+TKIP][WPA2-PSK-CCMP+TKIP][WPS][ESS],2017-10-27 16:36:28,12,-86,32.1677054744214,34.8063303530216,40,1.5,WIFI
80:1f:02:d7:6b:c8,bendet1,[WPA-PSK-CCMP+TKIP][WPA2-PSK-CCMP+TKIP][WPS][ESS],2017-10-27 16:36:28,6,-88,32.1677054744214,34.8063303530216,40,1.5,WIFI
80:1f:02:d7:6b:ca,,[ESS],2017-10-27 16:36:28,6,-86,32.1677054744214,34.8063303530216,40,1.5,WIFI
80:1f:02:d7:6b:c9,,[ESS],2017-10-27 16:36:28,6,-89,32.1677054744214,34.8063303530216,40,1.5,WIFI
08:97:58:33:b7:cc,wifi in car-1794,[WPA-PSK-CCMP][WPS][ESS],2017-10-27 16:36:32,1,-75,32.1678150678053,34.8061127588153,40,1.5,WIFI
20:0c:c8:10:c8:11,Heifes,[WPA2-PSK-CCMP][WPS][ESS][BLE],2017-10-27 16:36:32,1,-87,32.1678150678053,34.8061127588153,40,1.5,WIFI
94:57:a5:4a:f4:89,DIRECT-17-HP DeskJet 3830 series,[WPA2-PSK-CCMP][WPS][ESS],2017-10-27 16:36:32,11,-88,32.1678150678053,34.8061127588153,40,1.5,WIFI
14:ae:db:3d:b1:52,EL,[WPA2-PSK-CCMP][ESS],2017-10-27 16:36:32,9,-94,32.1678150678053,34.8061127588153,40,1.5,WIFI
74:da:38:a9:0c:43,Annatel_3372.5,[WPA2-PSK-CCMP][WPS][ESS],2017-10-27 16:36:36,44,-89,32.1678889123723,34.8060431051999,40,1.5,WIFI
74:da:38:a9:0c:3e,Annatel_3372,[WPA2-PSK-CCMP][WPS][ESS],2017-10-27 16:36:36,2,-84,32.1678889123723,34.8060431051999,40,1.5,WIFI
18:d6:c7:ef:1e:a4,Hazan_Home,[WPA-PSK-CCMP][WPA2-PSK-CCMP][WPS][ESS],2017-10-27 16:36:36,11,-90,32.1678889123723,34.8060431051999,40,1.5,WIFI
14:ae:db:53:0c:2d,Home,[WPA2-PSK-CCMP][ESS],2017-10-27 16:36:46,6,-86,32.1676980564371,34.8060604557395,39.0999984741211,1.5,WIFI
f4:f2:6d:ca:5d:06,EMELET,[WPA-PSK-CCMP+TKIP][WPA2-PSK-CCMP+TKIP][WPS][ESS],2017-10-27 16:36:50,8,-89,32.1676084538922,34.8064271640033,38.2999992370605,1.5,WIFI
20:0c:c8:10:c8:11,Heifes,[WPA2-PSK-CCMP][WPS][ESS][BLE],2017-10-27 16:36:54,1,-81,32.1675005787984,34.8067311756313,36.2999992370605,1.5,WIFI
00:02:6f:f7:72:60,rfi,[WPA2-PSK-CCMP][WPS][ESS],2017-10-27 16:36:54,2,-88,32.1675005787984,34.8067311756313,36.2999992370605,1.5,WIFI
74:da:38:cc:d8:80,Vexlerar_2EX,[WPA2-PSK-CCMP-preauth][WPS][ESS][BLE],2017-10-27 16:36:58,9,-89,32.1673813043162,34.8070841375738,35.5999984741211,1.5,WIFI
20:0c:c8:10:c8:11,Heifes,[WPA2-PSK-CCMP][WPS][ESS][BLE],2017-10-27 16:37:06,1,-89,32.1671062940732,34.8078196495771,33.2000007629395,1,WIFI
72:0c:c8:10:c8:12,Bezeq Free D02536,[ESS][BLE],2017-10-27 16:37:06,1,-86,32.1671062940732,34.8078196495771,33.2000007629395,1,WIFI
00:78:9e:fa:dc:f4,Barda,[WPA-PSK-CCMP+TKIP][WPA2-PSK-CCMP+TKIP][WPS][ESS],2017-10-27 16:37:06,1,-83,32.1671062940732,34.8078196495771,33.2000007629395,1,WIFI
00:1d:aa:34:1e:58,Efrat Networks NC,[WPA-PSK-CCMP+TKIP][WPA2-PSK-CCMP+TKIP][ESS][BLE],2017-10-27 16:37:06,11,-86,32.1671062940732,34.8078196495771,33.2000007629395,1,WIFI
_6601_3021425,,UNKNOWN;il,2017-10-27 16:37:06,0,-113,32.1671062940732,34.8078196495771,33.2000007629395,1,GSM
14:ae:db:3d:b1:55,EL5,[WPA2-PSK-CCMP][ESS],2017-10-27 16:37:14,48,-91,32.1668814076111,34.8084098193794,31,1.5,WIFI
8c:59:c3:a2:9d:69,gigi1932,[WPA2-PSK-CCMP][ESS][BLE],2017-10-27 16:37:14,11,-87,32.1668814076111,34.8084098193794,31,1.5,WIFI
f8:e9:03:14:72:44,071889240,[WPA2-PSK-CCMP][ESS][BLE],2017-10-27 16:37:14,1,-90,32.1668814076111,34.8084098193794,31,1.5,WIFI
ec:08:6b:38:0d:0d,RS_GUEST,[WPA2-PSK-CCMP][ESS][BLE],2017-10-27 16:37:22,44,-83,32.1667554695159,34.8086603544652,30.3999996185303,1.5,WIFI
cc:16:7e:97:1d:92,KaymeraGuest,[ESS][BLE],2017-10-27 16:37:26,1,-90,32.1667311200872,34.8087104782462,30.2000007629395,1.5,WIFI
00:02:6f:bb:fd:ac,BlueSnap-Guest-2.4GHz,[WPA2-PSK-CCMP][ESS],2017-10-27 16:37:34,1,-75,32.1663436247036,34.8086637910455,32.7000007629395,2.5,WIFI
00:1d:aa:7c:8c:f8,Kadabra-AP,[WPA-PSK-CCMP+TKIP][ESS][BLE],2017-10-27 16:37:34,11,-84,32.1663436247036,34.8086637910455,32.7000007629395,2.5,WIFI
02:1d:aa:7c:8c:f8,Kadabra-Guest,[WPA-PSK-CCMP][ESS][BLE],2017-10-27 16:37:34,11,-83,32.1663436247036,34.8086637910455,32.7000007629395,2.5,WIFI
94:10:3e:a8:34:9a,4G,[WPA-PSK-CCMP+TKIP][WPA2-PSK-CCMP+TKIP][WPS][ESS][BLE],2017-10-27 16:37:38,11,-67,32.1660074265674,34.8083342984319,32.4000015258789,1.5,WIFI
70:4c:a5:1a:71:67,CMT-Guests,[WPA2-PSK-CCMP-preauth][ESS],2017-10-27 16:37:38,1,-84,32.1660074265674,34.8083342984319,32.4000015258789,1.5,WIFI
82:4c:a5:1a:71:67,4GT,[WPA2-PSK-CCMP-preauth][ESS],2017-10-27 16:37:38,1,-86,32.1660074265674,34.8083342984319,32.4000015258789,1.5,WIFI
a2:4c:a5:1a:71:67,Retention,[WPA2-PSK-CCMP-preauth][ESS],2017-10-27 16:37:38,1,-89,32.1660074265674,34.8083342984319,32.4000015258789,1.5,WIFI
c0:56:27:a0:6c:9a,BlueSnap-Guest-2.4GHz,[WPA2-PSK-CCMP][ESS][BLE],2017-10-27 16:37:38,3,-89,32.1660074265674,34.8083342984319,32.4000015258789,1.5,WIFI
_6601_3021435,,UNKNOWN;il,2017-10-27 16:37:38,0,-113,32.1660074265674,34.8083342984319,32.4000015258789,1.5,GSM
d0:17:c2:60:e7:38,ASUS,[WPA2-PSK-CCMP][WPS][ESS],2017-10-27 16:37:42,3,-89,32.1656896267086,34.8080268502235,31.3999996185303,1.5,WIFI
de:9f:db:7f:73:aa,Cloudius,[WPA-PSK-CCMP][WPA2-PSK-CCMP][ESS],2017-10-27 16:37:42,1,-90,32.1656896267086,34.8080268502235,31.3999996185303,1.5,WIFI
00:02:6f:bc:40:60,Lishkat Hamehamnim,[WPA-PSK-CCMP+TKIP][ESS],2017-10-27 16:37:42,3,-93,32.1656896267086,34.8080268502235,31.3999996185303,1.5,WIFI
de:9f:db:7f:73:aa,Cloudius,[WPA-PSK-CCMP][WPA2-PSK-CCMP][ESS],2017-10-27 16:37:46,1,-85,32.1653613075614,34.8077171389014,29.7999992370605,1.5,WIFI
8a:15:54:a8:8d:ef,AppsFlyer Biz,[WPA2-PSK-CCMP][ESS],2017-10-27 16:37:46,36,-90,32.1653613075614,34.8077171389014,29.7999992370605,1.5,WIFI
82:15:54:a8:8d:ef,AppsFlyer Guest,[WPA2-PSK-CCMP][ESS],2017-10-27 16:37:46,36,-91,32.1653613075614,34.8077171389014,29.7999992370605,1.5,WIFI
8e:15:54:a8:8d:ef,AppsFlyer R&D,[WPA2-PSK-CCMP][ESS],2017-10-27 16:37:46,36,-91,32.1653613075614,34.8077171389014,29.7999992370605,1.5,WIFI
80:26:89:0d:5a:2c,VITEC-IL,[WPA-PSK-CCMP][WPA2-PSK-CCMP][ESS],2017-10-27 16:37:46,9,-93,32.1653613075614,34.8077171389014,29.7999992370605,1.5,WIFI
4c:e6:76:22:44:af,tzunami2,[WPA2-PSK-CCMP+TKIP][ESS],2017-10-27 16:37:46,4,-91,32.1653613075614,34.8077171389014,29.7999992370605,1.5,WIFI
94:10:3e:a8:34:9a,4G,[WPA-PSK-CCMP+TKIP][WPA2-PSK-CCMP+TKIP][WPS][ESS][BLE],2017-10-27 16:37:50,11,-87,32.1650069626048,34.8073976207525,28.5,1.5,WIFI
14:ae:db:43:44:ad,Ganel,[WPA-PSK-CCMP+TKIP][WPA2-PSK-CCMP+TKIP][WPS][ESS],2017-10-27 16:37:50,11,-90,32.1650069626048,34.8073976207525,28.5,1.5,WIFI
74:da:38:2e:ab:c9,KD_Office_2,[WPA2-PSK-CCMP][ESS],2017-10-27 16:37:50,5,-90,32.1650069626048,34.8073976207525,28.5,1.5,WIFI
c4:12:f5:08:46:40,jcr,[WPA-PSK-CCMP][WPA2-PSK-CCMP][ESS],2017-10-27 16:37:50,3,-91,32.1650069626048,34.8073976207525,28.5,1.5,WIFI
04:a1:51:13:13:37,F-Z,[WPA2-PSK-CCMP][WPS][ESS],2017-10-27 16:37:50,11,-86,32.1650069626048,34.8073976207525,28.5,1.5,WIFI
ee:9f:db:7b:8a:fa,rainbow,[WPA-PSK-CCMP][WPA2-PSK-CCMP][ESS],2017-10-27 16:37:50,11,-87,32.1650069626048,34.8073976207525,28.5,1.5,WIFI
f0:3e:90:0f:4c:b8,GINI-APPS,[WPA2-PSK-CCMP][ESS][BLE],2017-10-27 16:37:50,1,-90,32.1650069626048,34.8073976207525,28.5,1.5,WIFI
14:af:db:bd:df:8a,BezeqFree,[WPA2-PSK-CCMP][ESS],2017-10-27 16:37:50,10,-92,32.1650069626048,34.8073976207525,28.5,1.5,WIFI
80:1f:02:38:6a:b0,COMET,[WEP][ESS][BLE],2017-10-27 16:37:50,11,-90,32.1650069626048,34.8073976207525,28.5,1.5,WIFI
00:25:86:b0:42:ae,Off-Oz,[WEP][ESS],2017-10-27 16:37:50,6,-87,32.1650069626048,34.8073976207525,28.5,1.5,WIFI
_6601_3021435,,UNKNOWN;il,2017-10-27 16:37:50,0,-113,32.1650069626048,34.8073976207525,28.5,1.5,GSM
14:ae:db:30:59:e2,samsarabar,[WPA2-PSK-CCMP][ESS],2017-10-27 16:37:54,2,-83,32.164622861892,34.8070594947785,27.8999996185303,1.5,WIFI
14:af:db:30:59:e2,BezeqFree,[WPA2-PSK-CCMP][ESS],2017-10-27 16:37:54,2,-87,32.164622861892,34.8070594947785,27.8999996185303,1.5,WIFI
e0:b9:a5:10:95:6b,RTO,[WPA-PSK-CCMP+TKIP][WPA2-PSK-CCMP+TKIP][ESS],2017-10-27 16:37:54,7,-88,32.164622861892,34.8070594947785,27.8999996185303,1.5,WIFI
ee:9f:db:7f:73:aa,rainbow,[WPA-PSK-CCMP][WPA2-PSK-CCMP][ESS],2017-10-27 16:37:54,1,-90,32.164622861892,34.8070594947785,27.8999996185303,1.5,WIFI
08:5b:0e:5f:b0:78,HWL,[WPA-PSK-CCMP][WPA2-PSK-CCMP-preauth][ESS],2017-10-27 16:37:54,11,-90,32.164622861892,34.8070594947785,27.8999996185303,1.5,WIFI
84:3d:c6:d5:4e:cb,Pivotal,[WPA2-PSK-CCMP][ESS][BLE],2017-10-27 16:37:54,13,-90,32.164622861892,34.8070594947785,27.8999996185303,1.5,WIFI
00:3a:98:2a:2a:22,VOIP-C,[WPA-PSK-TKIP][ESS][BLE],2017-10-27 16:37:54,13,-88,32.164622861892,34.8070594947785,27.8999996185303,1.5,WIFI
de:9f:db:7f:73:aa,Cloudius,[WPA-PSK-CCMP][WPA2-PSK-CCMP][ESS],2017-10-27 16:37:58,1,-88,32.1642136573792,34.8068288248032,29.8999996185303,2,WIFI
8a:15:54:a8:8d:ef,AppsFlyer Biz,[WPA2-PSK-CCMP][ESS],2017-10-27 16:37:58,36,-90,32.1642136573792,34.8068288248032,29.8999996185303,2,WIFI
82:15:54:a8:8d:ef,AppsFlyer Guest,[WPA2-PSK-CCMP][ESS],2017-10-27 16:37:58,36,-90,32.1642136573792,34.8068288248032,29.8999996185303,2,WIFI
8e:15:54:a8:8d:ef,AppsFlyer R&D,[WPA2-PSK-CCMP][ESS],2017-10-27 16:37:58,36,-91,32.1642136573792,34.8068288248032,29.8999996185303,2,WIFI
f0:3e:90:0f:4c:b8,GINI-APPS,[WPA2-PSK-CCMP][ESS][BLE],2017-10-27 16:37:58,1,-75,32.1642136573792,34.8068288248032,29.8999996185303,2,WIFI
80:26:89:0d:5a:2c,VITEC-IL,[WPA-PSK-CCMP][WPA2-PSK-CCMP][ESS],2017-10-27 16:37:58,9,-79,32.1642136573792,34.8068288248032,29.8999996185303,2,WIFI
10:fe:ed:62:9e:5c,RTI 15,[WPA2-PSK-CCMP][WPS][ESS],2017-10-27 16:37:58,5,-90,32.1642136573792,34.8068288248032,29.8999996185303,2,WIFI
c8:bc:c8:b7:c2:e1,BB?s iMac,[WPA2-PSK-CCMP][ESS],2017-10-27 16:37:58,8,-92,32.1642136573792,34.8068288248032,29.8999996185303,2,WIFI
28:f0:76:3d:81:f8,Gil?s iMac,[ESS],2017-10-27 16:37:58,8,-87,32.1642136573792,34.8068288248032,29.8999996185303,2,WIFI
74:da:38:2e:ab:c9,KD_Office_2,[WPA2-PSK-CCMP][ESS],2017-10-27 16:38:02,5,-90,32.1637937240303,34.8066434171051,31.5,2,WIFI
80:1f:02:ed:ba:e3,RTO1,[WPA2-PSK-CCMP][WPS][ESS],2017-10-27 16:38:02,3,-90,32.1637937240303,34.8066434171051,31.5,2,WIFI
c4:12:f5:82:de:c6,var,[WPA2-PSK-CCMP][ESS][BLE],2017-10-27 16:38:02,1,-90,32.1637937240303,34.8066434171051,31.5,2,WIFI
c4:12:f5:83:aa:0c,murraydiane,[WPA2-PSK-CCMP][ESS][BLE],2017-10-27 16:38:02,11,-90,32.1637937240303,34.8066434171051,31.5,2,WIFI
_6601_3021435,,UNKNOWN;il,2017-10-27 16:38:02,0,-113,32.1637937240303,34.8066434171051,31.5,2,GSM
34:db:fd:0a:68:80,DELEK-GROUP,[WPA2-PSK-CCMP][ESS][BLE],2017-10-27 16:38:06,13,-86,32.1634454559535,34.8064540699124,32.4000015258789,2,WIFI
c0:25:5c:ec:98:60,DELEK-GROUP,[WPA2-PSK-CCMP][ESS][BLE],2017-10-27 16:38:06,1,-89,32.1634454559535,34.8064540699124,32.4000015258789,2,WIFI
c0:25:5c:e4:b4:e0,DELEK-GROUP,[WPA2-PSK-CCMP][ESS][BLE],2017-10-27 16:38:06,1,-93,32.1634454559535,34.8064540699124,32.4000015258789,2,WIFI
10:be:f5:81:27:80,Lease4U_FREE,[ESS],2017-10-27 16:38:06,13,-88,32.1634454559535,34.8064540699124,32.4000015258789,2,WIFI
34:db:fd:0a:68:81,DELEK-GUEST,[ESS][BLE],2017-10-27 16:38:06,13,-88,32.1634454559535,34.8064540699124,32.4000015258789,2,WIFI
34:db:fd:0a:66:b1,DELEK-GUEST,[ESS][BLE],2017-10-27 16:38:06,9,-91,32.1634454559535,34.8064540699124,32.4000015258789,2,WIFI
c0:25:5c:ec:98:61,DELEK-GUEST,[ESS][BLE],2017-10-27 16:38:06,1,-91,32.1634454559535,34.8064540699124,32.4000015258789,2,WIFI
c0:25:5c:e4:b4:e1,DELEK-GUEST,[ESS][BLE],2017-10-27 16:38:06,1,-93,32.1634454559535,34.8064540699124,32.4000015258789,2,WIFI
6c:b0:ce:38:48:7f,BezeqNGN_XA28CE_2.4GHz_1,[WPS][ESS][BLE],2017-10-27 16:38:06,6,-87,32.1634454559535,34.8064540699124,32.4000015258789,2,WIFI
04:bd:88:e3:6f:e1,EIS70,[WPA2-PSK-CCMP][ESS][BLE],2017-10-27 16:38:10,1,-88,32.1632304601371,34.8063264973462,31,1.5,WIFI
04:bd:88:e3:6f:e0,EIS LAB,[WPA2-PSK-CCMP][ESS][BLE],2017-10-27 16:38:10,1,-88,32.1632304601371,34.8063264973462,31,1.5,WIFI
f2:9f:c2:f1:c8:5f,GDLWIFI,[WPA2-PSK-CCMP][ESS][BLE],2017-10-27 16:38:10,1,-89,32.1632304601371,34.8063264973462,31,1.5,WIFI
14:ae:db:38:cc:ad,drupe_kitchen,[WPA2-PSK-CCMP][ESS],2017-10-27 16:38:10,11,-90,32.1632304601371,34.8063264973462,31,1.5,WIFI
82:2a:a8:b5:b7:1a,S&W,[WPA2-PSK-CCMP][ESS][BLE],2017-10-27 16:38:10,11,-91,32.1632304601371,34.8063264973462,31,1.5,WIFI
c0:25:5c:df:62:e1,DELEK-GUEST,[ESS][BLE],2017-10-27 16:38:10,5,-89,32.1632304601371,34.8063264973462,31,1.5,WIFI
_6601_3021431,,UNKNOWN;il,2017-10-27 16:38:10,0,-113,32.1632304601371,34.8063264973462,31,1.5,GSM
10:fe:ed:62:9e:5c,RTI 15,[WPA2-PSK-CCMP][WPS][ESS],2017-10-27 16:38:15,5,-84,32.163203721866,34.8063039500266,30.7999992370605,2,WIFI
ec:08:6b:27:b0:2e,drupe 5G,[WPA-PSK-CCMP][WPA2-PSK-CCMP][WPS][ESS],2017-10-27 16:38:15,36,-90,32.163203721866,34.8063039500266,30.7999992370605,2,WIFI
ec:08:6b:27:b0:2f,drupe 2.4G,[WPA-PSK-CCMP][WPA2-PSK-CCMP][WPS][ESS],2017-10-27 16:38:15,4,-79,32.163203721866,34.8063039500266,30.7999992370605,2,WIFI
00:1d:aa:7c:08:5c,eliya23,[WPA-PSK-CCMP+TKIP][WPA2-PSK-CCMP+TKIP][ESS][BLE],2017-10-27 16:38:15,11,-80,32.163203721866,34.8063039500266,30.7999992370605,2,WIFI
c0:25:5c:df:62:e0,DELEK-GROUP,[WPA2-PSK-CCMP][ESS][BLE],2017-10-27 16:38:15,5,-85,32.163203721866,34.8063039500266,30.7999992370605,2,WIFI
14:ae:db:30:59:ca,Sodyo,[WPA2-PSK-CCMP][ESS],2017-10-27 16:38:15,8,-86,32.163203721866,34.8063039500266,30.7999992370605,2,WIFI
14:af:db:30:59:ca,BezeqFree,[WPA2-PSK-CCMP][ESS],2017-10-27 16:38:15,8,-87,32.163203721866,34.8063039500266,30.7999992370605,2,WIFI
6c:b0:ce:3a:83:4e,JONEY_2.4,[WPA2-PSK-CCMP][WPS][ESS][BLE],2017-10-27 16:38:15,1,-89,32.163203721866,34.8063039500266,30.7999992370605,2,WIFI
34:db:fd:0a:6b:60,DELEK-GROUP,[WPA2-PSK-CCMP][ESS][BLE],2017-10-27 16:38:15,1,-91,32.163203721866,34.8063039500266,30.7999992370605,2,WIFI
82:2a:a8:b5:b7:1a,S&W,[WPA2-PSK-CCMP][ESS][BLE],2017-10-27 16:38:20,11,-85,32.163203721866,34.8063039500266,30.7999992370605,2,WIFI
10:be:f5:3a:ec:76,Carmel MR,[WPA-PSK-CCMP+TKIP][WPA2-PSK-CCMP+TKIP][ESS][BLE],2017-10-27 16:38:20,9,-90,32.163203721866,34.8063039500266,30.7999992370605,2,WIFI
14:ae:db:3e:de:ea,ZeroOne 2.4GHz,[WPA2-PSK-CCMP][ESS],2017-10-27 16:38:20,2,-87,32.163203721866,34.8063039500266,30.7999992370605,2,WIFI
34:db:fd:0a:6c:00,DELEK-GROUP,[WPA2-PSK-CCMP][ESS][BLE],2017-10-27 16:38:20,9,-92,32.163203721866,34.8063039500266,30.7999992370605,2,WIFI
_6601_3021475,,UNKNOWN;il,2017-10-27 16:38:20,0,-113,32.163203721866,34.8063039500266,30.7999992370605,2,GSM
10:fe:ed:62:9e:1a,Crestron_23,[WPA2-PSK-CCMP][WPS][ESS],2017-10-27 16:38:32,4,-86,32.163203721866,34.8063039500266,30.7999992370605,1.5,WIFI
14:ae:db:38:cc:ad,drupe_kitchen,[WPA2-PSK-CCMP][ESS],2017-10-27 16:38:38,11,-85,32.163203721866,34.8063039500266,30.7999992370605,2,WIFI
14:ae:db:3e:de:ea,ZeroOne 2.4GHz,[WPA2-PSK-CCMP][ESS],2017-10-27 16:38:38,2,-81,32.163203721866,34.8063039500266,30.7999992370605,2,WIFI
34:db:fd:0a:6c:01,DELEK-GUEST,[ESS][BLE],2017-10-27 16:38:38,9,-92,32.163203721866,34.8063039500266,30.7999992370605,2,WIFI
ac:d1:b8:ac:e8:2a,HP-Print-2a-LaserJet 400 MFP,[ESS],2017-10-27 16:38:38,6,-92,32.163203721866,34.8063039500266,30.7999992370605,2,WIFI
c4:12:f5:f5:b9:96,BEZEQ_SNW,[WPA2-PSK-CCMP][ESS][BLE],2017-10-27 16:38:43,11,-89,32.163203721866,34.8063039500266,30.7999992370605,1.5,WIFI
fc:15:b4:a7:ce:b1,HP-Print-B1-Officejet Pro 8610,[WPA2-PSK-CCMP][ESS],2017-10-27 16:38:50,4,-91,32.163203721866,34.8063039500266,30.7999992370605,2,WIFI
9c:b2:b2:32:7c:3f,Partner-4G-7C3F,[WPA2-PSK-CCMP][ESS],2017-10-27 16:39:08,1,-92,32.163203721866,34.8063039500266,30.7999992370605,2,WIFI
9c:b2:b2:32:7c:3f,Partner-4G-7C3F,[WPA2-PSK-CCMP][ESS],2017-10-27 16:39:15,1,-80,32.1629934199154,34.806296909228,30.6000003814697,2,WIFI
f2:9f:c2:f1:c8:5f,GDLWIFI,[WPA2-PSK-CCMP][ESS][BLE],2017-10-27 16:39:15,1,-82,32.1629934199154,34.806296909228,30.6000003814697,2,WIFI
18:e7:28:50:04:48,Biopharmax Guest,[WPA-PSK-CCMP+TKIP][WPA2-PSK-CCMP+TKIP][WPS][ESS],2017-10-27 16:39:15,1,-83,32.1629934199154,34.806296909228,30.6000003814697,2,WIFI
04:a1:51:11:0e:ee,marvin,[WPA2-PSK-CCMP][WPS][ESS],2017-10-27 16:39:15,11,-85,32.1629934199154,34.806296909228,30.6000003814697,2,WIFI
c4:12:f5:83:aa:0c,murraydiane,[WPA2-PSK-CCMP][ESS][BLE],2017-10-27 16:39:15,11,-85,32.1629934199154,34.806296909228,30.6000003814697,2,WIFI
00:1d:aa:da:4b:50,MVP,[WPA-PSK-CCMP+TKIP][WPA2-PSK-CCMP+TKIP][WPS][ESS][BLE],2017-10-27 16:39:15,6,-85,32.1629934199154,34.806296909228,30.6000003814697,2,WIFI
02:1d:aa:da:4b:50,MVP_Guest,[WPA-PSK-CCMP+TKIP][WPA2-PSK-CCMP+TKIP][ESS][BLE],2017-10-27 16:39:15,6,-86,32.1629934199154,34.806296909228,30.6000003814697,2,WIFI
00:c8:8b:28:28:20,Wallashops-Office,[WPA2-EAP-CCMP][ESS][BLE],2017-10-27 16:39:15,1,-86,32.1629934199154,34.806296909228,30.6000003814697,2,WIFI
00:c8:8b:28:28:21,Wallashops-Guest,[WPA2-PSK-CCMP][ESS][BLE],2017-10-27 16:39:15,1,-87,32.1629934199154,34.806296909228,30.6000003814697,2,WIFI
00:c8:8b:28:28:22,,[WPA2-PSK-CCMP][ESS][BLE],2017-10-27 16:39:15,1,-89,32.1629934199154,34.806296909228,30.6000003814697,2,WIFI
88:dc:96:17:c0:9e,,[ESS],2017-10-27 16:39:15,6,-85,32.1629934199154,34.806296909228,30.6000003814697,2,WIFI
_6601_3021464,,UNKNOWN;il,2017-10-27 16:39:15,0,-113,32.1629934199154,34.806296909228,30.6000003814697,2,GSM
ec:08:6b:27:b0:2f,drupe 2.4G,[WPA-PSK-CCMP][WPA2-PSK-CCMP][WPS][ESS],2017-10-27 16:39:20,4,-74,32.162830978632,34.8067360371351,31.2999992370605,1.5,WIFI
14:ae:db:ca:c2:22,welovecoffee_,[WPA2-PSK-CCMP][ESS],2017-10-27 16:39:20,10,-85,32.162830978632,34.8067360371351,31.2999992370605,1.5,WIFI
dc:4a:3e:cf:77:77,DIRECT-C6-HP DeskJet 3830 series,[WPA2-PSK-CCMP][WPS][ESS],2017-10-27 16:39:20,6,-85,32.162830978632,34.8067360371351,31.2999992370605,1.5,WIFI
a0:8c:fd:5b:1c:38,DIRECT-37-HP OfficeJet Pro 8720,[WPA2-PSK-CCMP][WPS][ESS],2017-10-27 16:39:20,8,-89,32.162830978632,34.8067360371351,31.2999992370605,1.5,WIFI
00:08:ca:41:5a:17,4dassets,[WPA-PSK-CCMP+TKIP][WPA2-PSK-CCMP+TKIP][ESS],2017-10-27 16:39:20,7,-91,32.162830978632,34.8067360371351,31.2999992370605,1.5,WIFI
_6601_3021423,,UNKNOWN;il,2017-10-27 16:39:20,0,-113,32.162830978632,34.8067360371351,31.2999992370605,1.5,GSM
ec:08:6b:27:b0:2f,drupe 2.4G,[WPA-PSK-CCMP][WPA2-PSK-CCMP][WPS][ESS],2017-10-27 16:39:24,4,-67,32.1626647235826,34.8071436490864,31.3999996185303,1.5,WIFI
a0:8c:fd:5b:1c:38,DIRECT-37-HP OfficeJet Pro 8720,[WPA2-PSK-CCMP][WPS][ESS],2017-10-27 16:39:24,8,-83,32.1626647235826,34.8071436490864,31.3999996185303,1.5,WIFI
80:26:89:0d:5a:2c,VITEC-IL,[WPA-PSK-CCMP][WPA2-PSK-CCMP][ESS],2017-10-27 16:39:24,9,-77,32.1626647235826,34.8071436490864,31.3999996185303,1.5,WIFI
b0:5a:da:fa:39:f8,DIRECT-F7-HP DeskJet 4670 series,[WPA2-PSK-CCMP][WPS][ESS],2017-10-27 16:39:24,1,-80,32.1626647235826,34.8071436490864,31.3999996185303,1.5,WIFI
7c:03:4c:ff:71:5e,RAN COHEN 1,[WPA-PSK-CCMP+TKIP][WPA2-PSK-CCMP+TKIP][ESS],2017-10-27 16:39:24,1,-81,32.1626647235826,34.8071436490864,31.3999996185303,1.5,WIFI
a4:2b:b0:d9:fc:dd,EZTV_LAB,[WPA2-PSK-CCMP][WPS][ESS][BLE],2017-10-27 16:39:24,12,-88,32.1626647235826,34.8071436490864,31.3999996185303,1.5,WIFI
18:e7:28:50:04:78,Biopharmax Guest,[WPA-PSK-CCMP+TKIP][WPA2-PSK-CCMP+TKIP][WPS][ESS],2017-10-27 16:39:24,1,-84,32.1626647235826,34.8071436490864,31.3999996185303,1.5,WIFI
82:2a:a8:b5:ab:cd,S&W,[WPA2-PSK-CCMP][ESS][BLE],2017-10-27 16:39:24,1,-87,32.1626647235826,34.8071436490864,31.3999996185303,1.5,WIFI
14:ae:db:32:cf:62,ran,[WPA2-PSK-CCMP][ESS],2017-10-27 16:39:24,10,-88,32.1626647235826,34.8071436490864,31.3999996185303,1.5,WIFI
14:ae:db:38:cc:ad,drupe_kitchen,[WPA2-PSK-CCMP][ESS],2017-10-27 16:39:28,11,-86,32.1625550463796,34.807380689308,31.2000007629395,1.5,WIFI
14:ae:db:3e:de:ea,ZeroOne 2.4GHz,[WPA2-PSK-CCMP][ESS],2017-10-27 16:39:28,2,-83,32.1625550463796,34.807380689308,31.2000007629395,1.5,WIFI
00:1d:aa:7c:08:5c,eliya23,[WPA-PSK-CCMP+TKIP][WPA2-PSK-CCMP+TKIP][ESS][BLE],2017-10-27 16:39:28,11,-90,32.1625550463796,34.807380689308,31.2000007629395,1.5,WIFI
00:0c:e6:02:ac:25,OFFICE,[WPA2-PSK-CCMP][ESS][BLE],2017-10-27 16:39:28,36,-86,32.1625550463796,34.807380689308,31.2000007629395,1.5,WIFI
6c:b0:ce:3a:83:4e,JONEY_2.4,[WPA2-PSK-CCMP][WPS][ESS][BLE],2017-10-27 16:39:28,1,-75,32.1625550463796,34.807380689308,31.2000007629395,1.5,WIFI
74:da:38:50:e5:44,joney_2,[WPA2-PSK-CCMP][ESS],2017-10-27 16:39:28,2,-88,32.1625550463796,34.807380689308,31.2000007629395,1.5,WIFI
00:18:25:06:de:1a,,[WPA2-EAP-CCMP][ESS],2017-10-27 16:39:28,6,-90,32.1625550463796,34.807380689308,31.2000007629395,1.5,WIFI
f0:9f:c2:f1:c8:5f,GD,[WPA2-PSK-CCMP][ESS][BLE],2017-10-27 16:39:28,1,-85,32.1625550463796,34.807380689308,31.2000007629395,1.5,WIFI
78:d3:8d:d1:26:80,PEI.WIFI,[WPA2-PSK-CCMP+TKIP][ESS][BLE],2017-10-27 16:39:28,7,-85,32.1625550463796,34.807380689308,31.2000007629395,1.5,WIFI
00:0c:e6:02:b4:d8,Print,[WPA2-PSK-CCMP][ESS][BLE],2017-10-27 16:39:28,6,-88,32.1625550463796,34.807380689308,31.2000007629395,1.5,WIFI
80:1f:02:51:34:d2,Bello1,[WPA-PSK-TKIP][ESS],2017-10-27 16:39:28,6,-85,32.1625550463796,34.807380689308,31.2000007629395,1.5,WIFI
78:54:2e:81:3e:ce,SavantCanada,[WPA2-?][ESS],2017-10-27 16:39:28,6,-85,32.1625550463796,34.807380689308,31.2000007629395,1.5,WIFI
00:0c:e6:02:b4:d8,Print,[WPA2-PSK-CCMP][ESS][BLE],2017-10-27 16:39:32,6,-81,32.1624034177512,34.8076996207237,32.5,1.5,WIFI
e4:6f:13:6f:c8:8a,Natam_sharon,[WPA2-PSK-CCMP][ESS][BLE],2017-10-27 16:39:32,9,-83,32.1624034177512,34.8076996207237,32.5,1.5,WIFI
c4:12:f5:ff:48:44,ntil-adsl,[WPA2-PSK-CCMP][ESS][BLE],2017-10-27 16:39:32,3,-91,32.1624034177512,34.8076996207237,32.5,1.5,WIFI
00:0c:e6:02:d1:6e,GUEST,[WPA2-PSK-CCMP][ESS][BLE],2017-10-27 16:39:32,6,-83,32.1624034177512,34.8076996207237,32.5,1.5,WIFI
98:de:d0:d0:af:8c,TP-LINK_AP_AF8C,[WPA2-PSK-CCMP][WPS][ESS],2017-10-27 16:39:32,6,-89,32.1624034177512,34.8076996207237,32.5,1.5,WIFI
f2:9f:c2:27:ea:35,GDLWIFI,[WPA2-PSK-CCMP][ESS][BLE],2017-10-27 16:39:32,13,-89,32.1624034177512,34.8076996207237,32.5,1.5,WIFI
88:dc:96:17:c0:9e,,[ESS],2017-10-27 16:39:32,6,-82,32.1624034177512,34.8076996207237,32.5,1.5,WIFI
84:d4:7e:ef:03:a1,MentorGuest,[ESS],2017-10-27 16:39:32,11,-91,32.1624034177512,34.8076996207237,32.5,1.5,WIFI
0c:84:dc:b9:58:f8,HP-Print-f8-LaserJet 300,[ESS],2017-10-27 16:39:32,4,-87,32.1624034177512,34.8076996207237,32.5,1.5,WIFI
0c:84:dc:b9:58:f8,HP-Print-f8-LaserJet 300,[ESS],2017-10-27 16:39:36,4,-71,32.1622478077188,34.8080522473902,33.2000007629395,1.5,WIFI
48:f8:b3:cc:fc:1e,AdXP,[WPA2-PSK-CCMP][WPS][ESS],2017-10-27 16:39:36,4,-82,32.1622478077188,34.8080522473902,33.2000007629395,1.5,WIFI
48:f8:b3:cc:fc:1d,AdXP_5GHz,[WPA2-PSK-CCMP][WPS][ESS],2017-10-27 16:39:36,36,-93,32.1622478077188,34.8080522473902,33.2000007629395,1.5,WIFI
9e:93:4e:3f:e8:41,DIRECT-OPWorkCentre 3025,[WPA2-PSK-CCMP][WPS-AUTH][ESS],2017-10-27 16:39:36,11,-84,32.1622478077188,34.8080522473902,33.2000007629395,1.5,WIFI
7c:b7:33:2c:95:41,ADX HOT,[WPA-PSK-CCMP+TKIP][WPA2-PSK-CCMP+TKIP][ESS][BLE],2017-10-27 16:39:36,11,-84,32.1622478077188,34.8080522473902,33.2000007629395,1.5,WIFI
08:5b:0e:ec:64:6f,AQA,[WPA2-PSK-CCMP-preauth][ESS],2017-10-27 16:39:36,6,-91,32.1622478077188,34.8080522473902,33.2000007629395,1.5,WIFI
f8:e9:03:0f:24:49,ADX_HOT_EX2.4G,[WPA2-PSK-CCMP][ESS][BLE],2017-10-27 16:39:36,11,-92,32.1622478077188,34.8080522473902,33.2000007629395,1.5,WIFI
00:14:78:fe:08:48,Pronto Network EMPK,[WEP][ESS],2017-10-27 16:39:36,6,-91,32.1622478077188,34.8080522473902,33.2000007629395,1.5,WIFI
e4:6f:13:71:f7:40,Bezeq_WiFi,[ESS][BLE],2017-10-27 16:39:36,1,-92,32.1622478077188,34.8080522473902,33.2000007629395,1.5,WIFI
_6601_3021423,,UNKNOWN;il,2017-10-27 16:39:36,0,-113,32.1622478077188,34.8080522473902,33.2000007629395,1.5,GSM
00:0c:e6:02:8f:c9,ESI-Guest,[WPA2-PSK-CCMP+TKIP][ESS],2017-10-27 16:39:40,36,-88,32.1620653336868,34.8084670677781,35.0999984741211,2,WIFI
f0:9f:c2:f2:c8:5f,GD,[WPA2-PSK-CCMP][ESS][BLE],2017-10-27 16:39:40,36,-86,32.1620653336868,34.8084670677781,35.0999984741211,2,WIFI
10:fe:ed:62:9e:5c,RTI 15,[WPA2-PSK-CCMP][WPS][ESS],2017-10-27 16:39:40,5,-82,32.1620653336868,34.8084670677781,35.0999984741211,2,WIFI
f2:9f:c2:f2:c8:5f,GDLWIFI,[WPA2-PSK-CCMP][ESS][BLE],2017-10-27 16:39:40,36,-87,32.1620653336868,34.8084670677781,35.0999984741211,2,WIFI
c4:6e:1f:54:4f:75,A.M.P_EXT,[WPA-PSK-CCMP+TKIP][WPA2-PSK-CCMP+TKIP][WPS][ESS],2017-10-27 16:39:40,1,-85,32.1620653336868,34.8084670677781,35.0999984741211,2,WIFI
f0:9f:c2:f1:c8:5f,GD,[WPA2-PSK-CCMP][ESS][BLE],2017-10-27 16:39:40,1,-79,32.1620653336868,34.8084670677781,35.0999984741211,2,WIFI
a2:6c:ac:7f:23:cf,83N-Guest,[WPA-PSK-CCMP][WPA2-PSK-CCMP-preauth][ESS],2017-10-27 16:39:40,1,-82,32.1620653336868,34.8084670677781,35.0999984741211,2,WIFI
00:0c:e6:02:44:33,ESI-New,[WPA2-PSK-CCMP][ESS],2017-10-27 16:39:40,6,-83,32.1620653336868,34.8084670677781,35.0999984741211,2,WIFI
00:0c:e6:02:66:70,ESI-Guest,[WPA2-PSK-CCMP+TKIP][ESS],2017-10-27 16:39:40,6,-83,32.1620653336868,34.8084670677781,35.0999984741211,2,WIFI
f2:9f:c2:f1:c8:5f,GDLWIFI,[WPA2-PSK-CCMP][ESS][BLE],2017-10-27 16:39:40,1,-84,32.1620653336868,34.8084670677781,35.0999984741211,2,WIFI
2a:5b:0e:ec:64:6f,FSL,[WPA2-PSK-CCMP-preauth][ESS],2017-10-27 16:39:40,6,-86,32.1620653336868,34.8084670677781,35.0999984741211,2,WIFI
10:fe:ed:62:9e:5c,RTI 15,[WPA2-PSK-CCMP][WPS][ESS],2017-10-27 16:39:44,5,-76,32.1618647966534,34.8089129850268,35.9000015258789,2,WIFI
94:b4:0f:d1:60:14,,[WPA2-EAP-CCMP][ESS][BLE],2017-10-27 16:39:44,48,-82,32.1618647966534,34.8089129850268,35.9000015258789,2,WIFI
94:b4:0f:d1:60:11,,[WPA2-EAP-CCMP][ESS][BLE],2017-10-27 16:39:44,48,-82,32.1618647966534,34.8089129850268,35.9000015258789,2,WIFI
94:b4:0f:d1:60:12,,[WPA2-EAP-CCMP][ESS][BLE],2017-10-27 16:39:44,48,-82,32.1618647966534,34.8089129850268,35.9000015258789,2,WIFI
94:b4:0f:d1:60:13,,[WPA2-EAP-CCMP][ESS][BLE],2017-10-27 16:39:44,48,-82,32.1618647966534,34.8089129850268,35.9000015258789,2,WIFI
c4:6e:1f:ab:77:3e,A.M.P end,[WPA2-PSK-CCMP][WPS][ESS],2017-10-27 16:39:44,3,-85,32.1618647966534,34.8089129850268,35.9000015258789,2,WIFI
10:be:f5:41:b9:84,KingGeorge,[WPA2-PSK-CCMP][ESS][BLE],2017-10-27 16:39:44,9,-86,32.1618647966534,34.8089129850268,35.9000015258789,2,WIFI
10:fe:ed:62:9e:1a,Crestron_23,[WPA2-PSK-CCMP][WPS][ESS],2017-10-27 16:39:44,4,-80,32.1618647966534,34.8089129850268,35.9000015258789,2,WIFI
94:b4:0f:d1:7c:32,,[WPA2-EAP-CCMP][ESS][BLE],2017-10-27 16:39:44,58,-91,32.1618647966534,34.8089129850268,35.9000015258789,2,WIFI
94:b4:0f:d1:7c:33,,[WPA2-EAP-CCMP][ESS][BLE],2017-10-27 16:39:44,58,-92,32.1618647966534,34.8089129850268,35.9000015258789,2,WIFI
3c:d9:2b:8c:ae:72,VG-Private,[WPA-PSK-TKIP][WPA2-PSK-CCMP][ESS],2017-10-27 16:39:44,6,-84,32.1618647966534,34.8089129850268,35.9000015258789,2,WIFI
1a:5b:0e:ec:64:6f,NXP-R_D,[WPA2-PSK-CCMP-preauth][ESS],2017-10-27 16:39:44,6,-84,32.1618647966534,34.8089129850268,35.9000015258789,2,WIFI
f2:9f:c2:f1:c4:5a,GDLWIFI,[WPA2-PSK-CCMP][ESS][BLE],2017-10-27 16:39:44,5,-87,32.1618647966534,34.8089129850268,35.9000015258789,2,WIFI
f0:9f:c2:f1:c4:5a,GD,[WPA2-PSK-CCMP][ESS][BLE],2017-10-27 16:39:44,5,-87,32.1618647966534,34.8089129850268,35.9000015258789,2,WIFI
94:b4:0f:d1:60:04,,[WPA2-EAP-CCMP][ESS][BLE],2017-10-27 16:39:44,11,-91,32.1618647966534,34.8089129850268,35.9000015258789,2,WIFI
94:b4:0f:d1:60:01,,[WPA2-EAP-CCMP][ESS][BLE],2017-10-27 16:39:44,11,-95,32.1618647966534,34.8089129850268,35.9000015258789,2,WIFI
1a:5b:0e:f4:6e:93,,[WPA2-PSK-CCMP-preauth][ESS],2017-10-27 16:39:44,11,-96,32.1618647966534,34.8089129850268,35.9000015258789,2,WIFI
bc:85:56:ed:d6:0e,HP-Print-0e-LaserJet 400 MFP,[WPA2-PSK-CCMP][ESS],2017-10-27 16:39:44,6,-85,32.1618647966534,34.8089129850268,35.9000015258789,2,WIFI
00:02:6f:8b:f3:9b,AP IT,[WPA2-PSK-CCMP+TKIP][ESS],2017-10-27 16:39:44,3,-86,32.1618647966534,34.8089129850268,35.9000015258789,2,WIFI
88:dc:96:17:c1:5c,,[ESS],2017-10-27 16:39:44,6,-77,32.1618647966534,34.8089129850268,35.9000015258789,2,WIFI
94:b4:0f:d1:60:10,Life,[ESS][BLE],2017-10-27 16:39:44,48,-83,32.1618647966534,34.8089129850268,35.9000015258789,2,WIFI
94:b4:0f:d1:60:00,Life,[ESS][BLE],2017-10-27 16:39:44,11,-93,32.1618647966534,34.8089129850268,35.9000015258789,2,WIFI
94:b4:0f:d1:7c:32,,[WPA2-EAP-CCMP][ESS][BLE],2017-10-27 16:39:48,58,-85,32.1617336198688,34.8091413918883,37.9000015258789,2,WIFI
94:b4:0f:d1:7c:33,,[WPA2-EAP-CCMP][ESS][BLE],2017-10-27 16:39:48,58,-85,32.1617336198688,34.8091413918883,37.9000015258789,2,WIFI
94:b4:0f:d1:60:04,,[WPA2-EAP-CCMP][ESS][BLE],2017-10-27 16:39:48,11,-83,32.1617336198688,34.8091413918883,37.9000015258789,2,WIFI
88:dc:96:17:c1:5c,,[ESS],2017-10-27 16:39:48,6,-70,32.1617336198688,34.8091413918883,37.9000015258789,2,WIFI
68:72:51:26:f0:94,AP-1 station,[WPA2-PSK-CCMP+TKIP][ESS],2017-10-27 16:39:48,13,-74,32.1617336198688,34.8091413918883,37.9000015258789,2,WIFI
94:b4:0f:d1:7c:31,,[WPA2-EAP-CCMP][ESS][BLE],2017-10-27 16:39:48,58,-84,32.1617336198688,34.8091413918883,37.9000015258789,2,WIFI
94:b4:0f:d1:7c:34,,[WPA2-EAP-CCMP][ESS][BLE],2017-10-27 16:39:48,58,-85,32.1617336198688,34.8091413918883,37.9000015258789,2,WIFI
e0:10:7f:49:37:fc,Taykey - Guest,[WPA-PSK-CCMP+TKIP][WPA2-PSK-CCMP+TKIP][ESS],2017-10-27 16:39:48,52,-85,32.1617336198688,34.8091413918883,37.9000015258789,2,WIFI
74:da:38:b6:ed:8c,BigMeeting_2.4G,[WPA2-PSK-CCMP][WPS][ESS],2017-10-27 16:39:48,4,-85,32.1617336198688,34.8091413918883,37.9000015258789,2,WIFI
e0:10:7f:09:37:fc,Taykey - Office,[WPA-PSK-CCMP+TKIP][WPA2-PSK-CCMP+TKIP][ESS],2017-10-27 16:39:48,52,-91,32.1617336198688,34.8091413918883,37.9000015258789,2,WIFI
a0:ab:1b:5f:51:48,as-om,[WPA2-PSK-CCMP][ESS][BLE],2017-10-27 16:39:48,3,-87,32.1617336198688,34.8091413918883,37.9000015258789,2,WIFI
c4:12:f5:f6:70:b6,Bezeq-N_223921,[WPA2-PSK-CCMP][ESS][BLE],2017-10-27 16:39:48,11,-86,32.1617336198688,34.8091413918883,37.9000015258789,2,WIFI
08:5b:0e:e8:56:cd,Zerto,[WPA2-PSK-CCMP-preauth][ESS],2017-10-27 16:39:48,11,-87,32.1617336198688,34.8091413918883,37.9000015258789,2,WIFI
70:56:81:83:53:b1,snatch Wifi,[WPA2-PSK-CCMP][ESS],2017-10-27 16:39:48,10,-88,32.1617336198688,34.8091413918883,37.9000015258789,2,WIFI
94:b4:0f:d1:7c:21,,[WPA2-EAP-CCMP][ESS][BLE],2017-10-27 16:39:48,1,-88,32.1617336198688,34.8091413918883,37.9000015258789,2,WIFI
88:dc:96:17:c0:9e,,[ESS],2017-10-27 16:39:48,6,-62,32.1617336198688,34.8091413918883,37.9000015258789,2,WIFI
94:b4:0f:d1:7c:30,Life,[ESS][BLE],2017-10-27 16:39:48,58,-89,32.1617336198688,34.8091413918883,37.9000015258789,2,WIFI
ce:e9:84:83:1a:2e,KuDeTa-Prim_5GHz,[WPS][ESS],2017-10-27 16:39:48,3,-84,32.1617336198688,34.8091413918883,37.9000015258789,2,WIFI
c2:e9:84:83:1a:2e,KuDeTa-Prim_2.4GHz,[WPS][ESS],2017-10-27 16:39:48,3,-89,32.1617336198688,34.8091413918883,37.9000015258789,2,WIFI
fa:8f:ca:52:c2:cd,,[ESS],2017-10-27 16:39:48,11,-83,32.1617336198688,34.8091413918883,37.9000015258789,2,WIFI
fa:8f:ca:7b:b0:62,,[ESS],2017-10-27 16:39:48,1,-89,32.1617336198688,34.8091413918883,37.9000015258789,2,WIFI
84:d4:7e:ef:7f:81,MentorGuest,[ESS],2017-10-27 16:39:48,11,-90,32.1617336198688,34.8091413918883,37.9000015258789,2,WIFI
94:b4:0f:d1:7c:20,Life,[ESS][BLE],2017-10-27 16:39:48,1,-90,32.1617336198688,34.8091413918883,37.9000015258789,2,WIFI
_6601_3021464,,UNKNOWN;il,2017-10-27 16:39:48,0,-113,32.1617336198688,34.8091413918883,37.9000015258789,2,GSM
94:b4:0f:d1:60:00,Life,[ESS][BLE],2017-10-27 16:39:52,11,-85,32.1617113240063,34.8091665375978,38.2000007629395,2,WIFI
00:0c:e6:02:1d:6a,ESI-New,[WPA2-PSK-CCMP][ESS],2017-10-27 16:39:52,36,-88,32.1617113240063,34.8091665375978,38.2000007629395,2,WIFI
3a:12:2d:b9:ce:63,4G_UFI-E63,[WPA2-PSK-CCMP][WPS][ESS],2017-10-27 16:39:52,3,-77,32.1617113240063,34.8091665375978,38.2000007629395,2,WIFI
74:da:38:b6:ed:8d,Alpha.guest,[WPA-PSK-TKIP][ESS],2017-10-27 16:39:52,4,-79,32.1617113240063,34.8091665375978,38.2000007629395,2,WIFI
e0:10:7f:49:37:f8,Taykey - Guest,[WPA-PSK-CCMP+TKIP][WPA2-PSK-CCMP+TKIP][ESS],2017-10-27 16:39:52,4,-81,32.1617113240063,34.8091665375978,38.2000007629395,2,WIFI
e0:10:7f:09:37:f8,Taykey - Office,[WPA-PSK-CCMP+TKIP][WPA2-PSK-CCMP+TKIP][ESS],2017-10-27 16:39:52,4,-81,32.1617113240063,34.8091665375978,38.2000007629395,2,WIFI
e0:10:7f:49:1e:fc,Taykey - Guest,[WPA-PSK-CCMP+TKIP][WPA2-PSK-CCMP+TKIP][ESS],2017-10-27 16:39:52,36,-90,32.1617113240063,34.8091665375978,38.2000007629395,2,WIFI
e0:10:7f:09:1e:fc,Taykey - Office,[WPA-PSK-CCMP+TKIP][WPA2-PSK-CCMP+TKIP][ESS],2017-10-27 16:39:52,36,-91,32.1617113240063,34.8091665375978,38.2000007629395,2,WIFI
10:0d:7f:86:c9:7c,Triumph,[WPA2-PSK-CCMP][WPS][ESS],2017-10-27 16:39:52,5,-87,32.1617113240063,34.8091665375978,38.2000007629395,2,WIFI
14:ae:db:b7:8a:2d,epstein,[WPA2-PSK-CCMP][ESS],2017-10-27 16:39:52,1,-88,32.1617113240063,34.8091665375978,38.2000007629395,2,WIFI
88:dc:96:17:c1:5c,,[ESS],2017-10-27 16:39:58,6,-64,32.1617112820968,34.8091666214168,38.2000007629395,2,WIFI
e0:10:7f:09:37:fc,Taykey - Office,[WPA-PSK-CCMP+TKIP][WPA2-PSK-CCMP+TKIP][ESS],2017-10-27 16:39:58,52,-84,32.1617112820968,34.8091666214168,38.2000007629395,2,WIFI
c4:12:f5:f6:70:b6,Bezeq-N_223921,[WPA2-PSK-CCMP][ESS][BLE],2017-10-27 16:39:58,11,-81,32.1617112820968,34.8091666214168,38.2000007629395,2,WIFI
48:a9:d2:97:71:a5,Fortify,[WPA-PSK-CCMP+TKIP][WPA2-PSK-CCMP+TKIP][ESS],2017-10-27 16:39:58,11,-85,32.1617112820968,34.8091666214168,38.2000007629395,2,WIFI
e0:10:7f:49:37:f8,Taykey - Guest,[WPA-PSK-CCMP+TKIP][WPA2-PSK-CCMP+TKIP][ESS],2017-10-27 16:40:04,4,-76,32.1617100667208,34.8091672919691,38.4000015258789,2,WIFI
e0:10:7f:09:37:f8,Taykey - Office,[WPA-PSK-CCMP+TKIP][WPA2-PSK-CCMP+TKIP][ESS],2017-10-27 16:40:04,4,-76,32.1617100667208,34.8091672919691,38.4000015258789,2,WIFI
10:0d:7f:86:c9:7c,Triumph,[WPA2-PSK-CCMP][WPS][ESS],2017-10-27 16:40:04,5,-75,32.1617100667208,34.8091672919691,38.4000015258789,2,WIFI
74:da:38:b6:ed:8c,BigMeeting_2.4G,[WPA2-PSK-CCMP][WPS][ESS],2017-10-27 16:40:09,4,-79,32.1617114497349,34.8091661185026,38.7000007629395,1.5,WIFI
08:97:58:33:b1:52,wifi in car-0965,[WPA-PSK-CCMP][WPS][ESS],2017-10-27 16:40:09,2,-77,32.1617114497349,34.8091661185026,38.7000007629395,1.5,WIFI
82:2a:a8:4a:c9:37,CST-IL-Guest,[WPA2-PSK-CCMP][ESS][BLE],2017-10-27 16:40:09,3,-87,32.1617114497349,34.8091661185026,38.7000007629395,1.5,WIFI
16:18:d6:a9:2a:84,EF_Guest,[WPA2-PSK-CCMP][ESS],2017-10-27 16:40:09,1,-89,32.1617114497349,34.8091661185026,38.7000007629395,1.5,WIFI
06:18:d6:a9:2a:84,elastifile,[WPA2-PSK-CCMP][ESS],2017-10-27 16:40:09,1,-89,32.1617114497349,34.8091661185026,38.7000007629395,1.5,WIFI
80:2a:a8:4a:c9:37,CST-IL-WLAN,[WPA2-PSK-CCMP][ESS][BLE],2017-10-27 16:40:16,3,-87,32.1617114497349,34.8091661185026,38.7000007629395,2,WIFI
30:e1:71:d7:11:ca,DIRECT-C9-HP OfficeJet Pro 8710,[WPA2-PSK-CCMP][WPS][ESS][P2P],2017-10-27 16:40:16,4,-91,32.1617114497349,34.8091661185026,38.7000007629395,2,WIFI
4a:a9:d2:97:71:a5,FortifyGuest1,[WPA-PSK-CCMP+TKIP][WPA2-PSK-CCMP+TKIP][ESS],2017-10-27 16:40:22,11,-86,32.1617114497349,34.8091661185026,38.7000007629395,1.5,WIFI
94:b4:0f:d1:60:01,,[WPA2-EAP-CCMP][ESS][BLE],2017-10-27 16:40:28,11,-84,32.1617114497349,34.8091661185026,38.7000007629395,2,WIFI
46:d9:e7:d7:c6:14,elastifile,[WPA2-PSK-CCMP][ESS],2017-10-27 16:40:28,1,-85,32.1617114497349,34.8091661185026,38.7000007629395,2,WIFI
94:b4:0f:d1:60:02,,[WPA2-EAP-CCMP][ESS][BLE],2017-10-27 16:40:28,11,-85,32.1617114497349,34.8091661185026,38.7000007629395,2,WIFI
b0:89:00:d8:8a:b4,Partner-4G-8AB4,[WPA2-PSK-CCMP][ESS],2017-10-27 16:40:28,9,-86,32.1617114497349,34.8091661185026,38.7000007629395,2,WIFI
08:5b:0e:e8:53:eb,Zerto,[WPA2-PSK-CCMP-preauth][ESS],2017-10-27 16:40:28,1,-90,32.1617114497349,34.8091661185026,38.7000007629395,2,WIFI
c4:12:f5:f6:70:b6,Bezeq-N_223921,[WPA2-PSK-CCMP][ESS][BLE],2017-10-27 16:40:34,11,-76,32.1617114497349,34.8091661185026,38.7000007629395,1.5,WIFI
a4:2b:b0:e6:d8:c5,MT7601_1,[WPS][ESS],2017-10-27 16:40:34,6,-91,32.1617114497349,34.8091661185026,38.7000007629395,1.5,WIFI
90:f6:52:20:5e:1a,AlumotWifi,[WPA-PSK-CCMP+TKIP][WPA2-PSK-CCMP+TKIP][ESS],2017-10-27 16:40:40,4,-90,32.1617109049112,34.8091611731797,38.5999984741211,1.5,WIFI
68:72:51:26:f0:94,AP-1 station,[WPA2-PSK-CCMP+TKIP][ESS],2017-10-27 16:40:48,13,-66,32.1617097733542,34.809161927551,38.7999992370605,2,WIFI
e0:10:7f:49:37:f8,Taykey - Guest,[WPA-PSK-CCMP+TKIP][WPA2-PSK-CCMP+TKIP][ESS],2017-10-27 16:40:48,4,-71,32.1617097733542,34.809161927551,38.7999992370605,2,WIFI
e0:10:7f:09:37:f8,Taykey - Office,[WPA-PSK-CCMP+TKIP][WPA2-PSK-CCMP+TKIP][ESS],2017-10-27 16:40:48,4,-71,32.1617097733542,34.809161927551,38.7999992370605,2,WIFI
94:b4:0f:d1:60:02,,[WPA2-EAP-CCMP][ESS][BLE],2017-10-27 16:40:48,11,-79,32.1617097733542,34.809161927551,38.7999992370605,2,WIFI
46:d9:e7:d7:c6:14,elastifile,[WPA2-PSK-CCMP][ESS],2017-10-27 16:40:48,1,-79,32.1617097733542,34.809161927551,38.7999992370605,2,WIFI
06:18:d6:a9:2a:84,elastifile,[WPA2-PSK-CCMP][ESS],2017-10-27 16:40:48,1,-82,32.1617097733542,34.809161927551,38.7999992370605,2,WIFI
16:18:d6:a9:2a:84,EF_Guest,[WPA2-PSK-CCMP][ESS],2017-10-27 16:40:48,1,-83,32.1617097733542,34.809161927551,38.7999992370605,2,WIFI
1a:5b:0e:e8:53:eb,Zerto Guests,[WPA2-PSK-CCMP-preauth][ESS],2017-10-27 16:40:48,1,-86,32.1617097733542,34.809161927551,38.7999992370605,2,WIFI
e0:10:7f:09:1e:f8,Taykey - Office,[WPA-PSK-CCMP+TKIP][WPA2-PSK-CCMP+TKIP][ESS],2017-10-27 16:40:48,13,-86,32.1617097733542,34.809161927551,38.7999992370605,2,WIFI
00:1e:2a:cf:f2:10,Zero,[WPA2-PSK-CCMP+TKIP-preauth][ESS],2017-10-27 16:40:48,11,-88,32.1617097733542,34.809161927551,38.7999992370605,2,WIFI
74:da:38:ae:ab:c4,Papushado,[WPA2-PSK-CCMP][WPS][ESS],2017-10-27 16:40:52,1,-87,32.1616896986961,34.8092367779464,39.2999992370605,2,WIFI
1a:5b:0e:e8:56:cd,Zerto Guests,[WPA2-PSK-CCMP-preauth][ESS],2017-10-27 16:40:52,11,-84,32.1616896986961,34.8092367779464,39.2999992370605,2,WIFI
16:18:d6:a9:2e:98,EF_Guest,[WPA2-PSK-CCMP][ESS],2017-10-27 16:40:52,11,-89,32.1616896986961,34.8092367779464,39.2999992370605,2,WIFI
f2:9f:c2:f1:c8:5f,GDLWIFI,[WPA2-PSK-CCMP][ESS][BLE],2017-10-27 16:40:56,1,-85,32.1618859609589,34.8094964493066,40.0999984741211,3,WIFI
88:dc:96:17:c1:5c,,[ESS],2017-10-27 16:40:56,6,-59,32.1618859609589,34.8094964493066,40.0999984741211,3,WIFI
c4:6e:1f:ab:77:3e,A.M.P end,[WPA2-PSK-CCMP][WPS][ESS],2017-10-27 16:40:56,3,-80,32.1618859609589,34.8094964493066,40.0999984741211,3,WIFI
00:0c:e6:02:44:33,ESI-New,[WPA2-PSK-CCMP][ESS],2017-10-27 16:40:56,6,-85,32.1618859609589,34.8094964493066,40.0999984741211,3,WIFI
00:0c:e6:02:8f:c9,ESI-Guest,[WPA2-PSK-CCMP+TKIP][ESS],2017-10-27 16:40:56,36,-88,32.1618859609589,34.8094964493066,40.0999984741211,3,WIFI
80:2a:a8:4b:c9:37,CST-IT,[WPA2-PSK-CCMP][ESS][BLE],2017-10-27 16:40:56,36,-91,32.1618859609589,34.8094964493066,40.0999984741211,3,WIFI
b0:89:00:d8:8a:b4,Partner-4G-8AB4,[WPA2-PSK-CCMP][ESS],2017-10-27 16:40:56,9,-80,32.1618859609589,34.8094964493066,40.0999984741211,3,WIFI
82:2a:a8:4a:c9:37,CST-IL-Guest,[WPA2-PSK-CCMP][ESS][BLE],2017-10-27 16:40:56,3,-80,32.1618859609589,34.8094964493066,40.0999984741211,3,WIFI
80:2a:a8:4a:c9:37,CST-IL-WLAN,[WPA2-PSK-CCMP][ESS][BLE],2017-10-27 16:40:56,3,-82,32.1618859609589,34.8094964493066,40.0999984741211,3,WIFI
f0:9f:c2:f1:c8:5f,GD,[WPA2-PSK-CCMP][ESS][BLE],2017-10-27 16:40:56,1,-88,32.1618859609589,34.8094964493066,40.0999984741211,3,WIFI
00:1e:e5:04:e5:a1,elinove,[WPA-PSK-CCMP+TKIP][WPA2-PSK-CCMP+TKIP-preauth][WPS][ESS],2017-10-27 16:40:56,6,-92,32.1618859609589,34.8094964493066,40.0999984741211,3,WIFI
30:46:9a:23:af:c0,Roladin,[WPA2-PSK-CCMP][WPS][ESS],2017-10-27 16:40:56,6,-91,32.1618859609589,34.8094964493066,40.0999984741211,3,WIFI
00:1e:e5:04:e5:a1,elinove,[WPA-PSK-CCMP+TKIP][WPA2-PSK-CCMP+TKIP-preauth][WPS][ESS],2017-10-27 16:41:00,6,-86,32.1622586203739,34.8097471520305,42.7999992370605,2.5,WIFI
10:5a:f7:0a:2b:c2,Ezel dudi_5,[WPA2-PSK-CCMP][ESS][BLE],2017-10-27 16:41:00,52,-80,32.1622586203739,34.8097471520305,42.7999992370605,2.5,WIFI
90:a7:c1:0c:4d:1d,Office Network,[WPA2-PSK-CCMP][ESS][BLE],2017-10-27 16:41:00,36,-85,32.1622586203739,34.8097471520305,42.7999992370605,2.5,WIFI
10:5a:f7:0a:2b:c1,Ezel dudi2.4,[WPA2-PSK-CCMP][ESS][BLE],2017-10-27 16:41:00,11,-77,32.1622586203739,34.8097471520305,42.7999992370605,2.5,WIFI
90:a7:c1:0c:4d:14,Office Network,[WPA2-PSK-CCMP][ESS][BLE],2017-10-27 16:41:00,10,-82,32.1622586203739,34.8097471520305,42.7999992370605,2.5,WIFI
00:10:f3:64:7f:a0,Liv,[WPA-PSK-CCMP+TKIP][WPA2-PSK-CCMP+TKIP][ESS],2017-10-27 16:41:00,1,-90,32.1622586203739,34.8097471520305,42.7999992370605,2.5,WIFI
06:18:d6:cb:51:6c,Neopharm Guest,[WPA2-PSK-CCMP][ESS][BLE],2017-10-27 16:41:00,1,-86,32.1622586203739,34.8097471520305,42.7999992370605,2.5,WIFI
3c:52:82:a2:38:8f,DIRECT-8E-HP DeskJet 3830 series,[WPA2-PSK-CCMP][WPS][ESS],2017-10-27 16:41:00,6,-90,32.1622586203739,34.8097471520305,42.7999992370605,2.5,WIFI
f4:30:b9:1d:5c:04,DIRECT-03-HP DeskJet 4670 series,[WPA2-PSK-CCMP][WPS][ESS],2017-10-27 16:41:00,6,-91,32.1622586203739,34.8097471520305,42.7999992370605,2.5,WIFI
58:97:1e:b3:80:44,,[WPA2-EAP-CCMP][ESS][BLE],2017-10-27 16:41:00,9,-88,32.1622586203739,34.8097471520305,42.7999992370605,2.5,WIFI
16:18:d6:cb:51:6c,Neopharm Top,[WPA2-PSK-CCMP][ESS][BLE],2017-10-27 16:41:00,1,-89,32.1622586203739,34.8097471520305,42.7999992370605,2.5,WIFI
14:cc:20:8e:97:09,liv,[WPS][ESS],2017-10-27 16:41:00,10,-91,32.1622586203739,34.8097471520305,42.7999992370605,2.5,WIFI
02:10:f3:64:7f:a0,LIV_Guest,[ESS],2017-10-27 16:41:00,1,-88,32.1622586203739,34.8097471520305,42.7999992370605,2.5,WIFI
ec:8c:a2:88:f1:9c,MWTL Mobile (POMS),[WPA2-PSK-CCMP][ESS][BLE],2017-10-27 16:41:04,40,-85,32.162554753013,34.8099225014448,45.2999992370605,2,WIFI
ec:8c:a2:48:f1:9c,MWTL,[WPA2-EAP-CCMP][ESS][BLE],2017-10-27 16:41:04,40,-91,32.162554753013,34.8099225014448,45.2999992370605,2,WIFI
48:ee:0c:3e:ad:41,offise2.4,[WPA2-PSK-CCMP][ESS][BLE],2017-10-27 16:41:04,8,-85,32.162554753013,34.8099225014448,45.2999992370605,2,WIFI
cc:b2:55:68:13:c0,Burgerim,[WPA2-PSK-CCMP][ESS],2017-10-27 16:41:04,6,-81,32.162554753013,34.8099225014448,45.2999992370605,2,WIFI
70:5a:0f:67:7d:d4,HP-Print-D4-Officejet Pro 6830,[WPA2-PSK-CCMP][ESS],2017-10-27 16:41:04,6,-84,32.162554753013,34.8099225014448,45.2999992370605,2,WIFI
ec:8c:a2:48:f1:98,MWTL,[WPA2-EAP-CCMP][ESS][BLE],2017-10-27 16:41:04,4,-89,32.162554753013,34.8099225014448,45.2999992370605,2,WIFI
ec:8c:a2:08:f1:98,Matrix HZ WiFi,[WPA2-PSK-CCMP][ESS][BLE],2017-10-27 16:41:04,4,-89,32.162554753013,34.8099225014448,45.2999992370605,2,WIFI
a0:4f:d4:43:de:51,Tomerlaw,[WPA-PSK-CCMP+TKIP][WPA2-PSK-CCMP+TKIP][ESS][BLE],2017-10-27 16:41:04,6,-89,32.162554753013,34.8099225014448,45.2999992370605,2,WIFI
70:62:b8:91:9b:63,AP1,[WPA2-PSK-CCMP+TKIP][ESS],2017-10-27 16:41:04,1,-91,32.162554753013,34.8099225014448,45.2999992370605,2,WIFI
74:da:38:c3:3e:01,tandoori_2EX,[WEP][ESS],2017-10-27 16:41:04,1,-86,32.162554753013,34.8099225014448,45.2999992370605,2,WIFI
5a:b2:55:68:13:c1,Bezeq Free,[ESS],2017-10-27 16:41:04,6,-82,32.162554753013,34.8099225014448,45.2999992370605,2,WIFI
_6601_3021459,,UNKNOWN;il,2017-10-27 16:41:04,0,-113,32.162554753013,34.8099225014448,45.2999992370605,2,GSM
16:18:d6:a9:2a:84,EF_Guest,[WPA2-PSK-CCMP][ESS],2017-10-27 16:41:08,1,-89,32.1629308490083,34.8101302888244,46.4000015258789,2,WIFI
88:dc:96:17:c1:5c,,[ESS],2017-10-27 16:41:08,6,-84,32.1629308490083,34.8101302888244,46.4000015258789,2,WIFI
88:dc:96:17:c0:9e,,[ESS],2017-10-27 16:41:08,6,-82,32.1629308490083,34.8101302888244,46.4000015258789,2,WIFI
06:18:d6:a9:2a:84,elastifile,[WPA2-PSK-CCMP][ESS],2017-10-27 16:41:08,1,-87,32.1629308490083,34.8101302888244,46.4000015258789,2,WIFI
fa:8f:ca:52:c2:cd,,[ESS],2017-10-27 16:41:08,11,-92,32.1629308490083,34.8101302888244,46.4000015258789,2,WIFI
26:0a:64:b7:14:16,Maagalim-Guest,[WPA-PSK-CCMP+TKIP][WPA2-PSK-CCMP+TKIP][ESS],2017-10-27 16:41:08,1,-84,32.1629308490083,34.8101302888244,46.4000015258789,2,WIFI
24:0a:64:b7:14:16,MAAGALIM-OFFICE,[WPA-PSK-CCMP+TKIP][WPA2-PSK-CCMP+TKIP][ESS],2017-10-27 16:41:08,1,-85,32.1629308490083,34.8101302888244,46.4000015258789,2,WIFI
_6601_3021417,,UNKNOWN;il,2017-10-27 16:41:08,0,-113,32.1629308490083,34.8101302888244,46.4000015258789,2,GSM
64:a5:c3:6a:07:10,WeDiggIT,[WPA2-PSK-CCMP][ESS],2017-10-27 16:41:12,11,-85,32.1632952103391,34.8103655688465,45.4000015258789,2,WIFI
46:d9:e7:a5:e3:2e,Twistlock Guests,[ESS][BLE],2017-10-27 16:41:12,1,-88,32.1632952103391,34.8103655688465,45.4000015258789,2,WIFI
20:0c:c8:11:19:7e,BezeqNGN_W02A45_2.4GHz_1,[WPS][ESS][BLE],2017-10-27 16:41:12,1,-90,32.1632952103391,34.8103655688465,45.4000015258789,2,WIFI
64:a5:c3:6a:07:10,WeDiggIT,[WPA2-PSK-CCMP][ESS],2017-10-27 16:41:16,11,-80,32.1636397903785,34.810594394803,42.5999984741211,2,WIFI
a0:ab:1b:5f:26:50,shremadv,[WPA-PSK-CCMP+TKIP][WPA2-PSK-CCMP+TKIP][ESS][BLE],2017-10-27 16:41:16,10,-83,32.1636397903785,34.810594394803,42.5999984741211,2,WIFI
74:da:38:c3:45:a5,Micasah2,[WPA2-PSK-CCMP][ESS],2017-10-27 16:41:16,3,-83,32.1636397903785,34.810594394803,42.5999984741211,2,WIFI
30:b5:c2:82:bb:b2,Gilad,[WPA-PSK-CCMP+TKIP][WPA2-PSK-CCMP+TKIP][WPS][ESS],2017-10-27 16:41:16,9,-86,32.1636397903785,34.810594394803,42.5999984741211,2,WIFI
90:6c:ac:aa:61:a2,Voicesense_guest,[WPA2-PSK-CCMP-preauth][ESS],2017-10-27 16:41:16,11,-80,32.1636397903785,34.810594394803,42.5999984741211,2,WIFI
64:a5:c3:6a:0b:a2,WeDiggIT's Lab Wi-Fi 5GHz,[WPA-PSK-TKIP][WPA2-PSK-CCMP+TKIP][ESS],2017-10-27 16:41:16,6,-81,32.1636397903785,34.810594394803,42.5999984741211,2,WIFI
d8:fb:5e:18:4a:f1,Ronitskin,[WPA-PSK-CCMP+TKIP][WPA2-PSK-CCMP+TKIP][ESS][BLE],2017-10-27 16:41:16,9,-89,32.1636397903785,34.810594394803,42.5999984741211,2,WIFI
cc:b2:55:e6:11:d8,Innovation-AfricA,[WPA2-PSK-CCMP][ESS],2017-10-27 16:41:16,6,-92,32.1636397903785,34.810594394803,42.5999984741211,2,WIFI
66:a2:0b:6a:c3:a0,WeDiggIT's Lab Guest,[WPA-PSK-TKIP][WPA2-PSK-CCMP+TKIP][ESS],2017-10-27 16:41:16,6,-83,32.1636397903785,34.810594394803,42.5999984741211,2,WIFI
00:10:f3:63:f7:67,Aoffice,[WPA-PSK-CCMP+TKIP][WPA2-PSK-CCMP+TKIP][ESS],2017-10-27 16:41:16,4,-90,32.1636397903785,34.810594394803,42.5999984741211,2,WIFI
64:a5:c3:6a:25:f4,WeDiggIT's Lab Wi-Fi,[WPA-PSK-TKIP][WPA2-PSK-CCMP+TKIP][ESS],2017-10-27 16:41:16,1,-85,32.1636397903785,34.810594394803,42.5999984741211,2,WIFI
48:a9:d2:86:e3:c0,axentia,[WPA-PSK-CCMP+TKIP][WPA2-PSK-CCMP+TKIP][ESS],2017-10-27 16:41:16,2,-86,32.1636397903785,34.810594394803,42.5999984741211,2,WIFI
4e:a9:d2:86:e3:c0,axentia Guest,[WPA-PSK-CCMP+TKIP][WPA2-PSK-CCMP+TKIP][ESS],2017-10-27 16:41:16,2,-86,32.1636397903785,34.810594394803,42.5999984741211,2,WIFI
66:f4:25:6a:c3:a0,WeDiggIT's Lab Guest,[WPA-PSK-TKIP][WPA2-PSK-CCMP+TKIP][ESS],2017-10-27 16:41:16,1,-88,32.1636397903785,34.810594394803,42.5999984741211,2,WIFI
fc:15:b4:a7:c3:d6,HP-Print-D6-Officejet Pro 8610,[WPA2-PSK-CCMP][ESS],2017-10-27 16:41:16,6,-86,32.1636397903785,34.810594394803,42.5999984741211,2,WIFI
00:30:4f:6b:65:40,Gavish,[WEP][ESS],2017-10-27 16:41:16,6,-88,32.1636397903785,34.810594394803,42.5999984741211,2,WIFI
20:0c:c8:11:19:7f,BezeqNGN_W02A45_5GHz_1,[WPS][ESS][BLE],2017-10-27 16:41:16,44,-82,32.1636397903785,34.810594394803,42.5999984741211,2,WIFI
c4:8e:8f:5f:48:85,HP-Print-85-Color LaserJet MFP,[ESS],2017-10-27 16:41:16,1,-78,32.1636397903785,34.810594394803,42.5999984741211,2,WIFI
26:0a:64:b7:14:16,Maagalim-Guest,[WPA-PSK-CCMP+TKIP][WPA2-PSK-CCMP+TKIP][ESS],2017-10-27 16:41:20,1,-91,32.1639412455261,34.8108026850969,44.2000007629395,2,WIFI
00:10:f3:63:f7:67,Aoffice,[WPA-PSK-CCMP+TKIP][WPA2-PSK-CCMP+TKIP][ESS],2017-10-27 16:41:20,4,-82,32.1639412455261,34.8108026850969,44.2000007629395,2,WIFI
c4:a8:1d:14:58:3a,Habad_5G,[WPA2-PSK-CCMP][ESS][BLE],2017-10-27 16:41:20,48,-79,32.1639412455261,34.8108026850969,44.2000007629395,2,WIFI
14:ae:db:32:cf:5a,sizer,[WPA2-PSK-CCMP][ESS],2017-10-27 16:41:20,10,-73,32.1639412455261,34.8108026850969,44.2000007629395,2,WIFI
80:37:73:e6:96:d3,8084789_5,[WPA2-PSK-CCMP][WPS][ESS][BLE],2017-10-27 16:41:20,60,-83,32.1639412455261,34.8108026850969,44.2000007629395,2,WIFI
02:10:f3:63:f7:67,AmGuest1,[WPA-PSK-CCMP+TKIP][WPA2-PSK-CCMP+TKIP][ESS],2017-10-27 16:41:20,4,-79,32.1639412455261,34.8108026850969,44.2000007629395,2,WIFI
06:ae:db:b6:59:e5,BezeqFree,[WPA2-PSK-CCMP][ESS],2017-10-27 16:41:20,1,-80,32.1639412455261,34.8108026850969,44.2000007629395,2,WIFI
14:ae:db:49:02:c5,izi,[WPA2-PSK-CCMP][ESS],2017-10-27 16:41:20,11,-85,32.1639412455261,34.8108026850969,44.2000007629395,2,WIFI
14:ae:db:be:0e:4a,wasserman,[WPA2-PSK-CCMP][ESS],2017-10-27 16:41:20,8,-86,32.1639412455261,34.8108026850969,44.2000007629395,2,WIFI
06:ae:db:49:02:c5,BezeqFree,[WPA2-PSK-CCMP][ESS],2017-10-27 16:41:20,11,-86,32.1639412455261,34.8108026850969,44.2000007629395,2,WIFI
06:ae:db:38:fa:6d,BezeqFree,[WPA2-PSK-CCMP][ESS],2017-10-27 16:41:20,11,-88,32.1639412455261,34.8108026850969,44.2000007629395,2,WIFI
14:ae:db:38:fa:6d,jct,[WPA2-PSK-CCMP][ESS],2017-10-27 16:41:20,11,-94,32.1639412455261,34.8108026850969,44.2000007629395,2,WIFI
70:5a:0f:02:dd:c4,HP-Print-C4-Officejet Pro 6830,[ESS],2017-10-27 16:41:20,6,-78,32.1639412455261,34.8108026850969,44.2000007629395,2,WIFI
_6601_3021417,,UNKNOWN;il,2017-10-27 16:41:20,0,-113,32.1639412455261,34.8108026850969,44.2000007629395,2,GSM
00:10:f3:63:f7:67,Aoffice,[WPA-PSK-CCMP+TKIP][WPA2-PSK-CCMP+TKIP][ESS],2017-10-27 16:41:24,4,-77,32.1642383839935,34.8110219556838,45.9000015258789,2,WIFI
20:4e:7f:27:b9:f4,GA-Simba,[WPA2-PSK-CCMP][WPS][ESS],2017-10-27 16:41:24,11,-88,32.1642383839935,34.8110219556838,45.9000015258789,2,WIFI
84:3d:c6:ba:d3:52,BWSIA01,[WPA2-EAP-CCMP][ESS][BLE],2017-10-27 16:41:24,13,-91,32.1642383839935,34.8110219556838,45.9000015258789,2,WIFI
e8:cc:18:7d:59:80,Hartech B Guest,[WPA-PSK-CCMP+TKIP][WPA2-PSK-CCMP+TKIP][ESS],2017-10-27 16:41:24,12,-91,32.1642383839935,34.8110219556838,45.9000015258789,2,WIFI
8c:dc:d4:6a:d0:20,HP-Print-20-Deskjet 4640 series,[WPA2-PSK-CCMP][ESS],2017-10-27 16:41:24,6,-86,32.1642383839935,34.8110219556838,45.9000015258789,2,WIFI
b0:48:7a:eb:5f:98,SAMSUNG-PC_Network,[WPA2-PSK-CCMP][ESS],2017-10-27 16:41:24,3,-87,32.1642383839935,34.8110219556838,45.9000015258789,2,WIFI
fc:3f:db:1f:5d:d9,HP-Print-D9-Officejet Pro 8610,[WPA2-PSK-CCMP][ESS],2017-10-27 16:41:24,6,-90,32.1642383839935,34.8110219556838,45.9000015258789,2,WIFI
88:dc:96:17:c0:9e,,[ESS],2017-10-27 16:41:24,6,-92,32.1642383839935,34.8110219556838,45.9000015258789,2,WIFI
84:3d:c6:ba:d3:51,BWSGUEST01,[ESS][BLE],2017-10-27 16:41:24,13,-90,32.1642383839935,34.8110219556838,45.9000015258789,2,WIFI
_6601_3021399,,UNKNOWN;il,2017-10-27 16:41:24,0,-113,32.1642383839935,34.8110219556838,45.9000015258789,2,GSM
70:62:b8:34:15:47,MIRI_5,[WPA2-PSK-CCMP][ESS][BLE],2017-10-27 16:41:28,48,-84,32.1645459998399,34.8112195171416,47.5999984741211,3,WIFI
44:94:fc:66:61:46,Si-o-Net_5,[WPA2-PSK-CCMP][WPS][ESS],2017-10-27 16:41:28,6,-80,32.1645459998399,34.8112195171416,47.5999984741211,3,WIFI
18:d6:c7:e1:b7:cc,Decor-HRZ,[WPA-PSK-CCMP+TKIP][WPA2-PSK-CCMP+TKIP][WPS][ESS],2017-10-27 16:41:28,4,-87,32.1645459998399,34.8112195171416,47.5999984741211,3,WIFI
74:da:38:6d:45:e8,office_rooter_2,[WPA2-PSK-CCMP][WPS][ESS],2017-10-27 16:41:28,1,-90,32.1645459998399,34.8112195171416,47.5999984741211,3,WIFI
14:ae:db:39:31:d5,LIAT,[WPA2-PSK-CCMP][ESS],2017-10-27 16:41:28,11,-84,32.1645459998399,34.8112195171416,47.5999984741211,3,WIFI
3c:1e:04:08:b2:36,V6_guest,[WPA-PSK-CCMP+TKIP][ESS][BLE],2017-10-27 16:41:28,1,-84,32.1645459998399,34.8112195171416,47.5999984741211,3,WIFI
70:62:b8:34:15:46,MIRI,[WPA2-PSK-CCMP][ESS][BLE],2017-10-27 16:41:28,5,-85,32.1645459998399,34.8112195171416,47.5999984741211,3,WIFI
2c:c5:d3:10:b1:b8,users,[WPA2-EAP-CCMP][ESS][BLE],2017-10-27 16:41:28,6,-86,32.1645459998399,34.8112195171416,47.5999984741211,3,WIFI
2c:c5:d3:50:b1:b8,Mitrelli_Guest,[WPA2-PSK-CCMP][ESS][BLE],2017-10-27 16:41:28,6,-87,32.1645459998399,34.8112195171416,47.5999984741211,3,WIFI
14:ae:db:56:e6:d5,office,[WPA2-PSK-CCMP][ESS],2017-10-27 16:41:28,1,-91,32.1645459998399,34.8112195171416,47.5999984741211,3,WIFI
84:3d:c6:ba:d3:50,BWSGA01,[WPA2-EAP-CCMP][ESS][BLE],2017-10-27 16:41:28,13,-93,32.1645459998399,34.8112195171416,47.5999984741211,3,WIFI
3c:1e:04:08:b2:37,BezeqNGN_009790_5GHz_1,[ESS][BLE],2017-10-27 16:41:28,48,-84,32.1645459998399,34.8112195171416,47.5999984741211,3,WIFI
1c:d6:c7:e1:b7:cc,DecorGuest,[ESS],2017-10-27 16:41:28,4,-86,32.1645459998399,34.8112195171416,47.5999984741211,3,WIFI
14:ae:db:56:e6:d5,office,[WPA2-PSK-CCMP][ESS],2017-10-27 16:41:32,1,-85,32.1648678649217,34.8114256281406,49.2000007629395,3,WIFI
2c:c5:d3:10:96:8c,Sugarmama,[WPA2-PSK-CCMP][ESS],2017-10-27 16:41:32,36,-88,32.1648678649217,34.8114256281406,49.2000007629395,3,WIFI
c4:12:f5:f7:74:f2,podatacall2.4,[WPA2-PSK-CCMP][ESS][BLE],2017-10-27 16:41:32,9,-78,32.1648678649217,34.8114256281406,49.2000007629395,3,WIFI
2c:59:e5:db:2c:d6,HP-Print-D6-Officejet 6700,[WPA2-PSK-CCMP][ESS],2017-10-27 16:41:32,6,-78,32.1648678649217,34.8114256281406,49.2000007629395,3,WIFI
00:35:1a:d3:50:21,StratoGuests,[WPA-PSK-CCMP][ESS][BLE],2017-10-27 16:41:32,1,-83,32.1648678649217,34.8114256281406,49.2000007629395,3,WIFI
f0:7f:06:68:aa:61,AppleWiFiSecure,[WPA2-EAP-CCMP][ESS][BLE],2017-10-27 16:41:32,13,-83,32.1648678649217,34.8114256281406,49.2000007629395,3,WIFI
00:35:1a:d3:50:20,Stratoscale,[WPA-PSK-CCMP][ESS][BLE],2017-10-27 16:41:32,1,-84,32.1648678649217,34.8114256281406,49.2000007629395,3,WIFI
f4:f2:6d:7e:a8:64,TP-LINK_7EA864,[WPA2-PSK-CCMP][WPS][ESS],2017-10-27 16:41:32,11,-84,32.1648678649217,34.8114256281406,49.2000007629395,3,WIFI
00:35:1a:d3:50:2f,Stratoscale,[WPA-PSK-CCMP][ESS][BLE],2017-10-27 16:41:32,36,-90,32.1648678649217,34.8114256281406,49.2000007629395,3,WIFI
00:35:1a:d3:50:2e,StratoGuests,[WPA-PSK-CCMP][ESS][BLE],2017-10-27 16:41:32,36,-91,32.1648678649217,34.8114256281406,49.2000007629395,3,WIFI
f0:7f:06:68:aa:60,AppleWifi,[WPA2-PSK-CCMP][ESS][BLE],2017-10-27 16:41:32,13,-86,32.1648678649217,34.8114256281406,49.2000007629395,3,WIFI
40:b0:34:8f:58:82,DIRECT-81-HP DeskJet 4670 series,[WPA2-PSK-CCMP][WPS][ESS][P2P],2017-10-27 16:41:32,11,-87,32.1648678649217,34.8114256281406,49.2000007629395,3,WIFI
26:c4:6c:47:c4:7b,SETUP,[IBSS],2017-10-27 16:41:32,11,-85,32.1648678649217,34.8114256281406,49.2000007629395,3,WIFI
f0:7f:06:68:c6:6f,AppleWifi,[WPA2-PSK-CCMP][ESS][BLE],2017-10-27 16:41:36,48,-82,32.1651854971424,34.8115498479456,51.7000007629395,2.5,WIFI
f0:7f:06:68:c6:6c,,[WPA2-PSK-CCMP][ESS][BLE],2017-10-27 16:41:36,48,-83,32.1651854971424,34.8115498479456,51.7000007629395,2.5,WIFI
f0:7f:06:68:c6:6e,AppleWiFiSecure,[WPA2-EAP-CCMP][ESS][BLE],2017-10-27 16:41:36,48,-83,32.1651854971424,34.8115498479456,51.7000007629395,2.5,WIFI
10:fe:ed:43:63:b6,TP-LINK_4363B6,[WPA2-PSK-CCMP][WPS][ESS],2017-10-27 16:41:36,2,-90,32.1651854971424,34.8115498479456,51.7000007629395,2.5,WIFI
a0:4f:d4:41:1d:e1,Cellcom-WiFi_6549,[WPA2-PSK-CCMP][ESS][BLE],2017-10-27 16:41:36,1,-83,32.1651854971424,34.8115498479456,51.7000007629395,2.5,WIFI
ee:8e:b5:09:8a:ad,DIRECT-AD-HP OfficeJet Pro 8730,[WPA2-PSK-CCMP][WPS][ESS],2017-10-27 16:41:36,8,-83,32.1651854971424,34.8115498479456,51.7000007629395,2.5,WIFI
f0:7f:06:68:aa:6c,,[WPA2-PSK-CCMP][ESS][BLE],2017-10-27 16:41:36,36,-87,32.1651854971424,34.8115498479456,51.7000007629395,2.5,WIFI
14:ae:db:36:82:35,Bizur_2.4,[WPA2-PSK-CCMP][ESS],2017-10-27 16:41:36,6,-85,32.1651854971424,34.8115498479456,51.7000007629395,2.5,WIFI
14:ae:db:ca:c7:92,Kfirim,[WPA2-PSK-CCMP][ESS],2017-10-27 16:41:36,7,-86,32.1651854971424,34.8115498479456,51.7000007629395,2.5,WIFI
1c:b9:c4:0f:44:b8,Howazit,[WPA2-PSK-CCMP][ESS][BLE],2017-10-27 16:41:36,8,-86,32.1651854971424,34.8115498479456,51.7000007629395,2.5,WIFI
64:51:06:f6:8a:7f,DIRECT-71-HP OfficeJet 7510,[WPA2-PSK-CCMP][WPS][ESS],2017-10-27 16:41:36,6,-86,32.1651854971424,34.8115498479456,51.7000007629395,2.5,WIFI
f0:7f:06:6e:00:51,AppleWiFiSecure,[WPA2-EAP-CCMP][ESS][BLE],2017-10-27 16:41:36,13,-89,32.1651854971424,34.8115498479456,51.7000007629395,2.5,WIFI
f0:7f:06:6e:00:52,,[WPA2-EAP-CCMP][ESS][BLE],2017-10-27 16:41:36,13,-90,32.1651854971424,34.8115498479456,51.7000007629395,2.5,WIFI
f0:7f:06:68:c6:63,,[WPA2-PSK-CCMP][ESS][BLE],2017-10-27 16:41:36,5,-90,32.1651854971424,34.8115498479456,51.7000007629395,2.5,WIFI
74:29:af:74:f9:97,HP-Print-97-LaserJet 400 MFP,[WPA2-PSK-CCMP][ESS],2017-10-27 16:41:36,6,-86,32.1651854971424,34.8115498479456,51.7000007629395,2.5,WIFI
34:08:04:04:d0:1c,Villaguest,[WEP][ESS],2017-10-27 16:41:36,6,-91,32.1651854971424,34.8115498479456,51.7000007629395,2.5,WIFI
1c:b9:c4:0f:44:b8,Howazit,[WPA2-PSK-CCMP][ESS][BLE],2017-10-27 16:41:40,8,-74,32.1654490660876,34.811572143808,52.9000015258789,2.5,WIFI
f0:7f:06:6e:00:52,,[WPA2-EAP-CCMP][ESS][BLE],2017-10-27 16:41:40,13,-82,32.1654490660876,34.811572143808,52.9000015258789,2.5,WIFI
f0:7f:06:68:c6:63,,[WPA2-PSK-CCMP][ESS][BLE],2017-10-27 16:41:40,5,-81,32.1654490660876,34.811572143808,52.9000015258789,2.5,WIFI
1c:b9:c4:0f:44:bc,Howazit,[WPA2-PSK-CCMP][ESS][BLE],2017-10-27 16:41:40,36,-82,32.1654490660876,34.811572143808,52.9000015258789,2.5,WIFI
f0:7f:06:68:c6:6d,,[WPA2-EAP-CCMP][ESS][BLE],2017-10-27 16:41:40,48,-82,32.1654490660876,34.811572143808,52.9000015258789,2.5,WIFI
f0:7f:06:68:c6:61,AppleWiFiSecure,[WPA2-EAP-CCMP][ESS][BLE],2017-10-27 16:41:40,5,-82,32.1654490660876,34.811572143808,52.9000015258789,2.5,WIFI
f0:7f:06:68:aa:6f,AppleWifi,[WPA2-PSK-CCMP][ESS][BLE],2017-10-27 16:41:40,36,-92,32.1654490660876,34.811572143808,52.9000015258789,2.5,WIFI
00:10:f3:62:f3:da,Howazit,[WPA-PSK-CCMP+TKIP][WPA2-PSK-CCMP+TKIP][ESS],2017-10-27 16:41:40,1,-85,32.1654490660876,34.811572143808,52.9000015258789,2.5,WIFI
f0:7f:06:6e:00:50,AppleWifi,[WPA2-PSK-CCMP][ESS][BLE],2017-10-27 16:41:40,13,-85,32.1654490660876,34.811572143808,52.9000015258789,2.5,WIFI
f0:7f:06:68:c6:62,,[WPA2-EAP-CCMP][ESS][BLE],2017-10-27 16:41:40,5,-86,32.1654490660876,34.811572143808,52.9000015258789,2.5,WIFI
14:ae:db:c7:78:85,David,[WPA2-PSK-CCMP][ESS],2017-10-27 16:41:40,1,-88,32.1654490660876,34.811572143808,52.9000015258789,2.5,WIFI
f8:e7:1e:2e:5f:a8,RealAP,[WPA2-PSK-CCMP][ESS][BLE],2017-10-27 16:41:40,8,-90,32.1654490660876,34.811572143808,52.9000015258789,2.5,WIFI
f0:7f:06:76:5c:11,AppleWiFiSecure,[WPA2-EAP-CCMP][ESS][BLE],2017-10-27 16:41:40,9,-90,32.1654490660876,34.811572143808,52.9000015258789,2.5,WIFI
f0:7f:06:68:c6:60,AppleWifi,[WPA2-PSK-CCMP][ESS][BLE],2017-10-27 16:41:40,5,-90,32.1654490660876,34.811572143808,52.9000015258789,2.5,WIFI
32:cd:a7:24:99:4a,DIRECT-9ZCLX-3300 Series,[WPA2-PSK-CCMP][WPS-AUTH][ESS][P2P],2017-10-27 16:41:40,11,-87,32.1654490660876,34.811572143808,52.9000015258789,2.5,WIFI
f0:7f:06:77:19:b2,,[WPA2-EAP-CCMP][ESS],2017-10-27 16:41:40,9,-88,32.1654490660876,34.811572143808,52.9000015258789,2.5,WIFI
f0:7f:06:77:19:b1,AppleWiFiSecure,[WPA2-EAP-CCMP][ESS],2017-10-27 16:41:40,9,-88,32.1654490660876,34.811572143808,52.9000015258789,2.5,WIFI
_6601_3021399,,UNKNOWN;il,2017-10-27 16:41:40,0,-113,32.1654490660876,34.811572143808,52.9000015258789,2.5,GSM
72:3a:cb:6a:ca:a8,Rhodium-WiFi-guest,[WPA2-PSK-CCMP][ESS],2017-10-27 16:41:44,149,-91,32.1655919356272,34.8115758318454,52.9000015258789,2.5,WIFI
f0:7f:06:75:02:ef,AppleWifi,[WPA2-PSK-CCMP][ESS][BLE],2017-10-27 16:41:44,48,-90,32.1655919356272,34.8115758318454,52.9000015258789,2.5,WIFI
14:ae:db:55:d1:35,BEZEQINT-D131,[WPA-PSK-CCMP+TKIP][WPA2-PSK-CCMP+TKIP][WPS][ESS],2017-10-27 16:41:44,11,-85,32.1655919356272,34.8115758318454,52.9000015258789,2.5,WIFI
f2:9f:c2:91:07:b0,Playrix2.4G,[WPA2-PSK-CCMP][ESS],2017-10-27 16:41:44,11,-86,32.1655919356272,34.8115758318454,52.9000015258789,2.5,WIFI
14:ae:db:3d:28:7a,kiosk,[WPA2-PSK-CCMP][ESS],2017-10-27 16:41:44,7,-87,32.1655919356272,34.8115758318454,52.9000015258789,2.5,WIFI
72:3a:cb:6a:d0:4c,Rhodium-WiFi-guest,[WPA2-PSK-CCMP][ESS],2017-10-27 16:41:44,6,-87,32.1655919356272,34.8115758318454,52.9000015258789,2.5,WIFI
f0:7f:06:68:aa:62,,[WPA2-EAP-CCMP][ESS][BLE],2017-10-27 16:41:44,13,-88,32.1655919356272,34.8115758318454,52.9000015258789,2.5,WIFI
84:3d:c6:d5:4e:c3,CORP-W1F1,[WPA2-EAP-CCMP][ESS][BLE],2017-10-27 16:41:44,13,-88,32.1655919356272,34.8115758318454,52.9000015258789,2.5,WIFI
f0:7f:06:02:21:32,,[WPA2-EAP-CCMP][ESS][BLE],2017-10-27 16:41:44,9,-88,32.1655919356272,34.8115758318454,52.9000015258789,2.5,WIFI
70:3a:cb:6a:ca:aa,Rhodium-WiFi,[WPA2-PSK-CCMP][ESS],2017-10-27 16:41:44,149,-92,32.1655919356272,34.8115758318454,52.9000015258789,2.5,WIFI
84:3d:c6:d5:4e:c4,EMC-Corp,[WPA2-EAP-CCMP][ESS][BLE],2017-10-27 16:41:44,13,-90,32.1655919356272,34.8115758318454,52.9000015258789,2.5,WIFI
f0:7f:06:75:02:e2,,[WPA2-EAP-CCMP][ESS][BLE],2017-10-27 16:41:44,1,-91,32.1655919356272,34.8115758318454,52.9000015258789,2.5,WIFI
80:1f:02:5d:a4:b8,Edimax AP,[ESS][BLE],2017-10-27 16:41:44,11,-90,32.1655919356272,34.8115758318454,52.9000015258789,2.5,WIFI
f0:7f:06:75:02:ef,AppleWifi,[WPA2-PSK-CCMP][ESS][BLE],2017-10-27 16:41:48,48,-83,32.1655896306038,34.8115759994835,52.7999992370605,3,WIFI
f2:9f:c2:91:07:b0,Playrix2.4G,[WPA2-PSK-CCMP][ESS],2017-10-27 16:41:48,11,-80,32.1655896306038,34.8115759994835,52.7999992370605,3,WIFI
74:da:38:b0:67:d6,KD_Office_3,[WPA2-PSK-CCMP][WPS][ESS],2017-10-27 16:41:48,4,-84,32.1655896306038,34.8115759994835,52.7999992370605,3,WIFI
48:ee:0c:ea:e7:c9,DekelG,[WPA2-PSK-CCMP][ESS][BLE],2017-10-27 16:41:48,6,-86,32.1655896306038,34.8115759994835,52.7999992370605,3,WIFI
f0:7f:06:75:02:ed,,[WPA2-EAP-CCMP][ESS][BLE],2017-10-27 16:41:48,48,-82,32.1655896306038,34.8115759994835,52.7999992370605,3,WIFI
f0:7f:06:75:02:ee,AppleWiFiSecure,[WPA2-EAP-CCMP][ESS][BLE],2017-10-27 16:41:48,48,-83,32.1655896306038,34.8115759994835,52.7999992370605,3,WIFI
74:da:38:3b:d8:08,Gandyr-right,[WPA-PSK-CCMP+TKIP][WPA2-PSK-CCMP+TKIP][ESS][BLE],2017-10-27 16:41:48,6,-81,32.1655896306038,34.8115759994835,52.7999992370605,3,WIFI
f0:7f:06:75:02:e3,,[WPA2-PSK-CCMP][ESS][BLE],2017-10-27 16:41:48,1,-88,32.1655896306038,34.8115759994835,52.7999992370605,3,WIFI
70:3a:cb:6a:d0:4f,Rhodium-WiFi,[WPA2-PSK-CCMP][ESS],2017-10-27 16:41:48,6,-88,32.1655896306038,34.8115759994835,52.7999992370605,3,WIFI
14:ae:db:3d:c0:92,JOSHUA,[WPA2-PSK-CCMP][ESS],2017-10-27 16:41:48,1,-89,32.1655896306038,34.8115759994835,52.7999992370605,3,WIFI
06:ae:db:c7:78:85,BezeqFree,[WPA2-PSK-CCMP][ESS],2017-10-27 16:41:48,1,-91,32.1655896306038,34.8115759994835,52.7999992370605,3,WIFI
e8:fc:af:9c:65:c1,,[ESS][BLE],2017-10-27 16:41:48,1,-90,32.1655896306038,34.8115759994835,52.7999992370605,3,WIFI
68:94:23:24:b1:82,HP-Print-82-LaserJet 200 color,[ESS],2017-10-27 16:41:48,6,-86,32.1655896306038,34.8115759994835,52.7999992370605,3,WIFI
72:3a:cb:6a:ca:a8,Rhodium-WiFi-guest,[WPA2-PSK-CCMP][ESS],2017-10-27 16:41:53,149,-86,32.1655896306038,34.8115759994835,52.7999992370605,3,WIFI
74:da:38:2e:ab:c9,KD_Office_2,[WPA2-PSK-CCMP][ESS],2017-10-27 16:41:53,5,-84,32.1655896306038,34.8115759994835,52.7999992370605,3,WIFI
f0:7f:06:75:02:ec,,[WPA2-PSK-CCMP][ESS][BLE],2017-10-27 16:41:53,48,-83,32.1655896306038,34.8115759994835,52.7999992370605,3,WIFI
80:1f:02:37:89:48,ingeneo,[WPA2-PSK-CCMP-preauth][WPS][ESS],2017-10-27 16:41:53,11,-89,32.1655896306038,34.8115759994835,52.7999992370605,3,WIFI
02:10:f3:62:f3:da,howazit_guset,[WPA-PSK-CCMP+TKIP][WPA2-PSK-CCMP+TKIP][ESS],2017-10-27 16:41:53,1,-89,32.1655896306038,34.8115759994835,52.7999992370605,3,WIFI
f0:7f:06:68:aa:63,,[WPA2-PSK-CCMP][ESS][BLE],2017-10-27 16:41:53,13,-86,32.1655896306038,34.8115759994835,52.7999992370605,3,WIFI
14:ae:db:c8:24:1d,Hyundai,[WPA2-PSK-CCMP][ESS],2017-10-27 16:41:53,1,-88,32.1655896306038,34.8115759994835,52.7999992370605,3,WIFI
70:3a:cb:6a:ca:aa,Rhodium-WiFi,[WPA2-PSK-CCMP][ESS],2017-10-27 16:41:59,149,-85,32.1655896306038,34.8115759994835,52.7999992370605,3,WIFI
74:da:38:a9:1c:df,  InnovationEndeavors,[WPA2-PSK-CCMP][ESS],2017-10-27 16:41:59,4,-83,32.1655896306038,34.8115759994835,52.7999992370605,3,WIFI
e4:6f:13:6f:f9:7c,EXITROOM,[WPA2-PSK-CCMP][ESS][BLE],2017-10-27 16:41:59,13,-87,32.1655896306038,34.8115759994835,52.7999992370605,3,WIFI
f0:7f:06:75:02:e0,AppleWifi,[WPA2-PSK-CCMP][ESS][BLE],2017-10-27 16:41:59,1,-87,32.1655896306038,34.8115759994835,52.7999992370605,3,WIFI
00:1d:aa:fb:1f:b0,ZEISS_YEHUDA,[WPA-PSK-CCMP+TKIP][WPA2-PSK-CCMP+TKIP][WPS][ESS][BLE],2017-10-27 16:42:05,6,-89,32.1655896306038,34.8115759994835,52.7999992370605,3,WIFI
d8:fe:e3:b6:de:21,DeCarlo_EXT,[WPA2-PSK-CCMP][ESS],2017-10-27 16:42:05,10,-93,32.1655896306038,34.8115759994835,52.7999992370605,3,WIFI
72:3a:cb:6a:ca:ac,Rhodium-WiFi-guest,[WPA2-PSK-CCMP][ESS],2017-10-27 16:42:11,1,-88,32.1655896306038,34.8115759994835,52.7999992370605,3,WIFI
00:24:6c:34:dc:40,east,[WPA2-EAP-CCMP][ESS],2017-10-27 16:42:23,11,-89,32.1655896306038,34.8115759994835,52.7999992370605,3,WIFI
f0:7f:06:02:21:3f,AppleWifi,[WPA2-PSK-CCMP][ESS][BLE],2017-10-27 16:42:29,44,-85,32.1655896306038,34.8115759994835,52.7999992370605,2.5,WIFI
48:ee:0c:ea:e7:c8,DekelE,[WPA-PSK-CCMP+TKIP][WPA2-PSK-CCMP+TKIP][ESS][BLE],2017-10-27 16:42:29,6,-90,32.1655896306038,34.8115759994835,52.7999992370605,2.5,WIFI
f0:7f:06:75:02:e2,,[WPA2-EAP-CCMP][ESS][BLE],2017-10-27 16:42:29,1,-86,32.1655896306038,34.8115759994835,52.7999992370605,2.5,WIFI
f0:7f:06:75:02:e1,AppleWiFiSecure,[WPA2-EAP-CCMP][ESS][BLE],2017-10-27 16:42:29,1,-89,32.1655896306038,34.8115759994835,52.7999992370605,2.5,WIFI
80:1f:02:37:89:48,ingeneo,[WPA2-PSK-CCMP-preauth][WPS][ESS],2017-10-27 16:42:35,11,-79,32.1655896306038,34.8115759994835,52.7999992370605,2.5,WIFI
d8:fe:e3:b6:de:21,DeCarlo_EXT,[WPA2-PSK-CCMP][ESS],2017-10-27 16:42:35,10,-86,32.1655896306038,34.8115759994835,52.7999992370605,2.5,WIFI
f0:7f:06:02:21:3d,,[WPA2-EAP-CCMP][ESS][BLE],2017-10-27 16:42:35,44,-84,32.1655896306038,34.8115759994835,52.7999992370605,2.5,WIFI
f0:7f:06:02:21:3c,,[WPA2-PSK-CCMP][ESS][BLE],2017-10-27 16:42:35,44,-84,32.1655896306038,34.8115759994835,52.7999992370605,2.5,WIFI
00:10:f3:64:7a:ee,MOBIMIGHT,[WPA-PSK-CCMP+TKIP][WPA2-PSK-CCMP+TKIP][ESS],2017-10-27 16:42:35,1,-87,32.1655896306038,34.8115759994835,52.7999992370605,2.5,WIFI
f0:7f:06:02:21:3e,AppleWiFiSecure,[WPA2-EAP-CCMP][ESS][BLE],2017-10-27 16:42:35,44,-92,32.1655896306038,34.8115759994835,52.7999992370605,2.5,WIFI
72:3a:cb:6a:ca:ac,Rhodium-WiFi-guest,[WPA2-PSK-CCMP][ESS],2017-10-27 16:42:45,1,-71,32.1658037882298,34.8114894982427,48.2999992370605,2.5,WIFI
a8:f7:e0:09:13:a0,KDF,[WPA2-PSK-CCMP][ESS],2017-10-27 16:42:45,11,-81,32.1658037882298,34.8114894982427,48.2999992370605,2.5,WIFI
74:da:38:3b:d8:08,Gandyr-right,[WPA-PSK-CCMP+TKIP][WPA2-PSK-CCMP+TKIP][ESS][BLE],2017-10-27 16:42:45,6,-75,32.1658037882298,34.8114894982427,48.2999992370605,2.5,WIFI
70:3a:cb:6a:ca:ae,Rhodium-WiFi,[WPA2-PSK-CCMP][ESS],2017-10-27 16:42:45,1,-75,32.1658037882298,34.8114894982427,48.2999992370605,2.5,WIFI
72:3a:cb:6a:d0:4c,Rhodium-WiFi-guest,[WPA2-PSK-CCMP][ESS],2017-10-27 16:42:45,6,-77,32.1658037882298,34.8114894982427,48.2999992370605,2.5,WIFI
94:10:3e:a8:35:7c,RhodiumAP,[WPA-PSK-CCMP+TKIP][WPA2-PSK-CCMP+TKIP][ESS][BLE],2017-10-27 16:42:45,11,-77,32.1658037882298,34.8114894982427,48.2999992370605,2.5,WIFI
70:3a:cb:6a:d0:4f,Rhodium-WiFi,[WPA2-PSK-CCMP][ESS],2017-10-27 16:42:45,6,-78,32.1658037882298,34.8114894982427,48.2999992370605,2.5,WIFI
14:ae:db:c8:24:1d,Hyundai,[WPA2-PSK-CCMP][ESS],2017-10-27 16:42:45,1,-82,32.1658037882298,34.8114894982427,48.2999992370605,2.5,WIFI
00:24:6c:34:dc:40,east,[WPA2-EAP-CCMP][ESS],2017-10-27 16:42:45,11,-84,32.1658037882298,34.8114894982427,48.2999992370605,2.5,WIFI
f0:7f:06:68:c6:60,AppleWifi,[WPA2-PSK-CCMP][ESS][BLE],2017-10-27 16:42:45,5,-84,32.1658037882298,34.8114894982427,48.2999992370605,2.5,WIFI
68:94:23:24:b1:82,HP-Print-82-LaserJet 200 color,[ESS],2017-10-27 16:42:45,6,-78,32.1658037882298,34.8114894982427,48.2999992370605,2.5,WIFI
_6601_3021404,,UNKNOWN;il,2017-10-27 16:42:45,0,-113,32.1658037882298,34.8114894982427,48.2999992370605,2.5,GSM
80:1f:02:5d:a4:b8,Edimax AP,[ESS][BLE],2017-10-27 16:42:49,11,-82,32.1659178240225,34.8110667988658,45.4000015258789,2,WIFI
74:da:38:a9:1c:df,  InnovationEndeavors,[WPA2-PSK-CCMP][ESS],2017-10-27 16:42:49,4,-75,32.1659178240225,34.8110667988658,45.4000015258789,2,WIFI
48:ee:0c:ea:e7:c8,DekelE,[WPA-PSK-CCMP+TKIP][WPA2-PSK-CCMP+TKIP][ESS][BLE],2017-10-27 16:42:49,6,-85,32.1659178240225,34.8110667988658,45.4000015258789,2,WIFI
a8:f7:e0:15:3f:40,KDF,[WPA-PSK-CCMP][WPA2-PSK-CCMP][ESS],2017-10-27 16:42:49,1,-89,32.1659178240225,34.8110667988658,45.4000015258789,2,WIFI
6c:3b:6b:c7:e1:28,carsloft,[WPA-PSK-CCMP][WPA2-PSK-CCMP][WPS][ESS],2017-10-27 16:42:49,2,-89,32.1659178240225,34.8110667988658,45.4000015258789,2,WIFI
74:da:38:6d:45:e8,office_rooter_2,[WPA2-PSK-CCMP][WPS][ESS],2017-10-27 16:42:49,1,-90,32.1659178240225,34.8110667988658,45.4000015258789,2,WIFI
84:3d:c6:d5:4e:c7,EMC-Open,[WPA2-EAP-CCMP][ESS][BLE],2017-10-27 16:42:49,13,-85,32.1659178240225,34.8110667988658,45.4000015258789,2,WIFI
70:3a:cb:cf:36:69,GetAlert-GW,[WPA2-PSK-CCMP][ESS],2017-10-27 16:42:49,11,-85,32.1659178240225,34.8110667988658,45.4000015258789,2,WIFI
84:3d:c6:d5:4e:cb,Pivotal,[WPA2-PSK-CCMP][ESS][BLE],2017-10-27 16:42:49,13,-86,32.1659178240225,34.8110667988658,45.4000015258789,2,WIFI
c0:4a:00:bb:41:2c,NationE,[WPA-PSK-CCMP+TKIP][WPA2-PSK-CCMP+TKIP][ESS],2017-10-27 16:42:49,9,-90,32.1659178240225,34.8110667988658,45.4000015258789,2,WIFI
84:3d:c6:d5:4e:c1,DELL_Guest,[ESS][BLE],2017-10-27 16:42:49,13,-86,32.1659178240225,34.8110667988658,45.4000015258789,2,WIFI
48:ee:0c:ea:e7:c8,DekelE,[WPA-PSK-CCMP+TKIP][WPA2-PSK-CCMP+TKIP][ESS][BLE],2017-10-27 16:42:53,6,-75,32.1660585980862,34.8105226457119,42.5,2.5,WIFI
e4:6f:13:6f:f9:7c,EXITROOM,[WPA2-PSK-CCMP][ESS][BLE],2017-10-27 16:42:53,13,-86,32.1660585980862,34.8105226457119,42.5,2.5,WIFI
84:3d:c6:d5:4e:c4,EMC-Corp,[WPA2-EAP-CCMP][ESS][BLE],2017-10-27 16:42:53,13,-86,32.1660585980862,34.8105226457119,42.5,2.5,WIFI
84:3d:c6:d5:4e:c3,CORP-W1F1,[WPA2-EAP-CCMP][ESS][BLE],2017-10-27 16:42:53,13,-86,32.1660585980862,34.8105226457119,42.5,2.5,WIFI
14:ae:db:36:82:35,Bizur_2.4,[WPA2-PSK-CCMP][ESS],2017-10-27 16:42:53,6,-88,32.1660585980862,34.8105226457119,42.5,2.5,WIFI
1c:b9:c4:0f:44:b8,Howazit,[WPA2-PSK-CCMP][ESS][BLE],2017-10-27 16:42:53,8,-88,32.1660585980862,34.8105226457119,42.5,2.5,WIFI
f2:9f:c2:91:07:b0,Playrix2.4G,[WPA2-PSK-CCMP][ESS],2017-10-27 16:42:53,11,-72,32.1660585980862,34.8105226457119,42.5,2.5,WIFI
9c:1c:12:ab:f1:b2,mmm,[WPA2-PSK-CCMP][ESS][BLE],2017-10-27 16:42:53,52,-84,32.1660585980862,34.8105226457119,42.5,2.5,WIFI
9c:1c:12:ab:f1:b1,IDC,[WPA-PSK-CCMP+TKIP][WPA2-PSK-CCMP+TKIP][ESS][BLE],2017-10-27 16:42:53,52,-84,32.1660585980862,34.8105226457119,42.5,2.5,WIFI
9c:1c:12:ab:f1:b0,rdm,[WPA-PSK-CCMP+TKIP][WPA2-PSK-CCMP+TKIP][ESS][BLE],2017-10-27 16:42:53,52,-85,32.1660585980862,34.8105226457119,42.5,2.5,WIFI
80:1f:02:37:89:48,ingeneo,[WPA2-PSK-CCMP-preauth][WPS][ESS],2017-10-27 16:42:53,11,-83,32.1660585980862,34.8105226457119,42.5,2.5,WIFI
f8:e7:1e:2e:5f:a8,RealAP,[WPA2-PSK-CCMP][ESS][BLE],2017-10-27 16:42:53,8,-75,32.1660585980862,34.8105226457119,42.5,2.5,WIFI
00:24:6c:34:dc:40,east,[WPA2-EAP-CCMP][ESS],2017-10-27 16:42:53,11,-78,32.1660585980862,34.8105226457119,42.5,2.5,WIFI
c8:d7:19:0e:ff:95,dbw,[WPA2-PSK-CCMP][WPS][ESS],2017-10-27 16:42:53,11,-81,32.1660585980862,34.8105226457119,42.5,2.5,WIFI
9c:1c:12:d4:c6:00,rdm,[WPA-PSK-CCMP+TKIP][WPA2-PSK-CCMP+TKIP][ESS][BLE],2017-10-27 16:42:53,11,-88,32.1660585980862,34.8105226457119,42.5,2.5,WIFI
84:3d:c6:d5:52:d4,EMC-Corp,[WPA2-EAP-CCMP][ESS][BLE],2017-10-27 16:42:53,13,-85,32.1660585980862,34.8105226457119,42.5,2.5,WIFI
14:ae:db:3d:c0:92,JOSHUA,[WPA2-PSK-CCMP][ESS],2017-10-27 16:42:53,1,-86,32.1660585980862,34.8105226457119,42.5,2.5,WIFI
84:3d:c6:d5:52:d3,CORP-W1F1,[WPA2-EAP-CCMP][ESS][BLE],2017-10-27 16:42:53,13,-86,32.1660585980862,34.8105226457119,42.5,2.5,WIFI
c4:04:15:0f:6a:e2,eeronlaw_2.4,[WPA2-PSK-CCMP][WPS][ESS][BLE],2017-10-27 16:42:53,1,-88,32.1660585980862,34.8105226457119,42.5,2.5,WIFI
24:c9:a1:76:2d:08,OfficeHerzliya,[WPA2-PSK-CCMP][ESS][BLE],2017-10-27 16:42:53,1,-91,32.1660585980862,34.8105226457119,42.5,2.5,WIFI
68:94:23:24:b1:82,HP-Print-82-LaserJet 200 color,[ESS],2017-10-27 16:42:53,6,-73,32.1660585980862,34.8105226457119,42.5,2.5,WIFI
00:24:6c:34:dc:41,DELL_Guest,[ESS],2017-10-27 16:42:53,11,-77,32.1660585980862,34.8105226457119,42.5,2.5,WIFI
ce:d7:19:0e:ff:95,dbwguest,[ESS],2017-10-27 16:42:53,11,-83,32.1660585980862,34.8105226457119,42.5,2.5,WIFI
_6601_3021399,,UNKNOWN;il,2017-10-27 16:42:53,0,-113,32.1660585980862,34.8105226457119,42.5,2.5,GSM
8e:15:54:ac:d4:e4,Training Room,[WPA-PSK-CCMP+TKIP][WPA2-PSK-CCMP+TKIP][ESS][BLE],2017-10-27 16:42:57,44,-84,32.1662327740341,34.8100126907229,41.7999992370605,2.5,WIFI
8a:15:54:ac:d4:e4,Call Center,[WPA-PSK-CCMP+TKIP][WPA2-PSK-CCMP+TKIP][ESS][BLE],2017-10-27 16:42:57,44,-84,32.1662327740341,34.8100126907229,41.7999992370605,2.5,WIFI
24:a2:e1:f2:12:77,Pitarohecht,[WPA-PSK-TKIP][WPA2-PSK-CCMP+TKIP][ESS],2017-10-27 16:42:57,149,-85,32.1662327740341,34.8100126907229,41.7999992370605,2.5,WIFI
02:18:1a:7f:ca:1e,Ezbob_WiFi,[WPA2-PSK-CCMP][ESS],2017-10-27 16:42:57,40,-83,32.1662327740341,34.8100126907229,41.7999992370605,2.5,WIFI
90:6c:ac:c7:95:d5,sulam,[WPA2-PSK-CCMP][ESS],2017-10-27 16:42:57,44,-83,32.1662327740341,34.8100126907229,41.7999992370605,2.5,WIFI
88:15:44:ac:d4:e4,Call Center,[WPA-PSK-CCMP+TKIP][WPA2-PSK-CCMP+TKIP][ESS][BLE],2017-10-27 16:42:57,6,-80,32.1662327740341,34.8100126907229,41.7999992370605,2.5,WIFI
8e:15:44:ac:d4:e4,Training Room,[WPA-PSK-CCMP+TKIP][WPA2-PSK-CCMP+TKIP][ESS][BLE],2017-10-27 16:42:57,6,-80,32.1662327740341,34.8100126907229,41.7999992370605,2.5,WIFI
1c:e6:c7:9e:85:f1,getty-guest,[WPA2-PSK-CCMP][ESS][BLE],2017-10-27 16:42:57,1,-82,32.1662327740341,34.8100126907229,41.7999992370605,2.5,WIFI
9e:93:4e:78:d6:3e,DIRECT-VsWorkCentre 3335,[WPA2-PSK-CCMP][WPS][ESS],2017-10-27 16:42:57,1,-82,32.1662327740341,34.8100126907229,41.7999992370605,2.5,WIFI
84:18:3a:20:c3:2c,Office,[WPA2-PSK-CCMP][ESS][BLE],2017-10-27 16:42:57,36,-90,32.1662327740341,34.8100126907229,41.7999992370605,2.5,WIFI
ec:08:6b:a0:dd:54,IVNorg,[WPA2-PSK-CCMP][WPS][ESS],2017-10-27 16:42:57,11,-87,32.1662327740341,34.8100126907229,41.7999992370605,2.5,WIFI
18:a6:f7:51:67:f8,Glilot1,[WPA2-PSK-CCMP][WPS][ESS],2017-10-27 16:42:57,4,-90,32.1662327740341,34.8100126907229,41.7999992370605,2.5,WIFI
88:dc:96:2a:5c:fe,SECUBIT2017,[WPA-PSK-CCMP+TKIP][WPA2-PSK-CCMP+TKIP][ESS],2017-10-27 16:42:57,11,-84,32.1662327740341,34.8100126907229,41.7999992370605,2.5,WIFI
88:dc:96:2a:5d:00,SECUBIT2017,[WPA-PSK-CCMP+TKIP][WPA2-PSK-CCMP+TKIP][ESS],2017-10-27 16:42:57,6,-85,32.1662327740341,34.8100126907229,41.7999992370605,2.5,WIFI
a2:6c:ac:aa:1f:12,KD_office,[WPA2-PSK-CCMP-preauth][ESS],2017-10-27 16:42:57,1,-86,32.1662327740341,34.8100126907229,41.7999992370605,2.5,WIFI
90:6c:ac:c7:95:cd,sulam,[WPA2-PSK-CCMP][ESS],2017-10-27 16:42:57,11,-87,32.1662327740341,34.8100126907229,41.7999992370605,2.5,WIFI
84:3d:c6:d5:52:db,Pivotal,[WPA2-PSK-CCMP][ESS][BLE],2017-10-27 16:42:57,13,-88,32.1662327740341,34.8100126907229,41.7999992370605,2.5,WIFI
5c:83:8f:33:b9:e8,Pitarohecht,[WPA2-PSK-CCMP][WPS][ESS],2017-10-27 16:42:57,1,-88,32.1662327740341,34.8100126907229,41.7999992370605,2.5,WIFI
88:dc:96:4b:ee:f3,,[WPA2-PSK-CCMP-preauth][ESS],2017-10-27 16:42:57,1,-88,32.1662327740341,34.8100126907229,41.7999992370605,2.5,WIFI
68:86:a7:53:7b:b2,bi-automation,[WPA2-EAP-CCMP][ESS][BLE],2017-10-27 16:42:57,1,-88,32.1662327740341,34.8100126907229,41.7999992370605,2.5,WIFI
68:86:a7:53:76:12,bi-automation,[WPA2-EAP-CCMP][ESS][BLE],2017-10-27 16:42:57,6,-89,32.1662327740341,34.8100126907229,41.7999992370605,2.5,WIFI
68:86:a7:53:76:14,bi-lilly,[WPA2-EAP-CCMP][ESS][BLE],2017-10-27 16:42:57,6,-92,32.1662327740341,34.8100126907229,41.7999992370605,2.5,WIFI
00:1f:1f:85:48:e4,MB-AM,[WPA-PSK-TKIP][ESS],2017-10-27 16:42:57,11,-87,32.1662327740341,34.8100126907229,41.7999992370605,2.5,WIFI
_6601_3021419,,UNKNOWN;il,2017-10-27 16:42:57,0,-113,32.1662327740341,34.8100126907229,41.7999992370605,2.5,GSM
00:02:6f:12:34:50,Ezbob_WiFi,[WPA2-PSK-CCMP][ESS][BLE],2017-10-27 16:43:01,40,-84,32.166424007155,34.8095836210996,41.7000007629395,3,WIFI
06:02:6f:12:34:50,Ezbob_Guest,[WPA-PSK-CCMP+TKIP][WPA2-PSK-CCMP+TKIP][ESS][BLE],2017-10-27 16:43:01,40,-85,32.166424007155,34.8095836210996,41.7000007629395,3,WIFI
6c:b0:ce:ab:5a:a2,bacapital_5,[WPA2-PSK-CCMP][WPS][ESS][BLE],2017-10-27 16:43:01,60,-78,32.166424007155,34.8095836210996,41.7000007629395,3,WIFI
50:c7:bf:8f:a3:e2,Inspectors SH-AV,[WPA2-PSK-CCMP][WPS][ESS],2017-10-27 16:43:01,7,-83,32.166424007155,34.8095836210996,41.7000007629395,3,WIFI
6c:b0:ce:ab:5a:a1,bacapital,[WPA2-PSK-CCMP][WPS][ESS][BLE],2017-10-27 16:43:01,1,-76,32.166424007155,34.8095836210996,41.7000007629395,3,WIFI
74:da:38:2e:ab:c9,KD_Office_2,[WPA2-PSK-CCMP][ESS],2017-10-27 16:43:01,5,-88,32.166424007155,34.8095836210996,41.7000007629395,3,WIFI
14:ae:db:39:b3:6d,PushApps,[WPA2-PSK-CCMP][ESS],2017-10-27 16:43:01,1,-85,32.166424007155,34.8095836210996,41.7000007629395,3,WIFI
ec:08:6b:38:0d:0e,RS_GUEST,[WPA2-PSK-CCMP][ESS][BLE],2017-10-27 16:43:01,12,-89,32.166424007155,34.8095836210996,41.7000007629395,3,WIFI
34:23:87:36:c9:b7,HP-Print-b7-LaserJet 300,[ESS],2017-10-27 16:43:01,1,-79,32.166424007155,34.8095836210996,41.7000007629395,3,WIFI
00:f6:63:3a:f4:82,KaymeraGuest,[ESS][BLE],2017-10-27 16:43:01,1,-95,32.166424007155,34.8095836210996,41.7000007629395,3,WIFI
c4:12:f5:83:3a:89,Alumil_5,[WPA2-PSK-CCMP][ESS][BLE],2017-10-27 16:43:05,48,-89,32.1665980992839,34.8092700541019,40.2999992370605,2,WIFI
c0:56:27:a1:6d:42,BlueSnap-Guest-2.4GHz,[WPA2-PSK-CCMP][ESS][BLE],2017-10-27 16:43:05,12,-88,32.1665980992839,34.8092700541019,40.2999992370605,2,WIFI
94:10:3e:a8:34:a0,CMT-ALap,[WPA-PSK-CCMP+TKIP][WPA2-PSK-CCMP+TKIP][WPS][ESS][BLE],2017-10-27 16:43:09,36,-81,32.1666647354141,34.8091382067651,39.5,2,WIFI
c4:12:f5:83:3a:88,win-teuch,[WPA2-PSK-CCMP][ESS][BLE],2017-10-27 16:43:09,1,-89,32.1666647354141,34.8091382067651,39.5,2,WIFI
08:97:58:33:b7:cc,wifi in car-1794,[WPA-PSK-CCMP][WPS][ESS],2017-10-27 16:43:09,1,-92,32.1666647354141,34.8091382067651,39.5,2,WIFI
_6601_3021399,,UNKNOWN;il,2017-10-27 16:43:09,0,-113,32.1666647354141,34.8091382067651,39.5,2,GSM
ec:08:6b:38:0d:0e,RS_GUEST,[WPA2-PSK-CCMP][ESS][BLE],2017-10-27 16:43:18,12,-84,32.1666680881754,34.8091394640505,39.2000007629395,2,WIFI
00:1d:aa:e2:1a:c0,Kopel,[WPA-PSK-CCMP+TKIP][WPA2-PSK-CCMP+TKIP][WPS][ESS][BLE],2017-10-27 16:43:30,6,-90,32.1666680881754,34.8091394640505,39.2000007629395,2,WIFI
02:1d:aa:7c:bb:64,,[WPA-PSK-CCMP+TKIP][WPA2-PSK-CCMP+TKIP][ESS][BLE],2017-10-27 16:43:30,13,-92,32.1666680881754,34.8091394640505,39.2000007629395,2,WIFI
06:8d:db:6e:71:ab,,[ESS],2017-10-27 16:43:30,1,-90,32.1666680881754,34.8091394640505,39.2000007629395,2,WIFI
08:97:58:33:b7:cc,wifi in car-1794,[WPA-PSK-CCMP][WPS][ESS],2017-10-27 16:43:36,1,-86,32.1666680881754,34.8091394640505,39.2000007629395,2,WIFI
d0:17:c2:60:e7:38,ASUS,[WPA2-PSK-CCMP][WPS][ESS],2017-10-27 16:43:36,3,-90,32.1666680881754,34.8091394640505,39.2000007629395,2,WIFI
fa:8f:ca:81:19:08,,[ESS],2017-10-27 16:43:42,48,-84,32.1667333412915,34.8090317565948,38.7000007629395,2,WIFI
00:f6:63:3a:f4:82,KaymeraGuest,[ESS][BLE],2017-10-27 16:43:42,1,-90,32.1667333412915,34.8090317565948,38.7000007629395,2,WIFI
_6601_3021425,,UNKNOWN;il,2017-10-27 16:43:42,0,-113,32.1667333412915,34.8090317565948,38.7000007629395,2,GSM
0a:8d:db:65:89:a9,Ezbob_Guest,[WPA-PSK-CCMP+TKIP][WPA2-PSK-CCMP+TKIP][ESS][BLE],2017-10-27 16:43:46,1,-88,32.166877258569,34.8086904454976,39.4000015258789,1.5,WIFI
d0:17:c2:60:e7:38,ASUS,[WPA2-PSK-CCMP][WPS][ESS],2017-10-27 16:43:54,3,-92,32.1671884367242,34.8079048097134,37.4000015258789,2,WIFI
ac:f1:df:9e:c0:a1,ScorpioB,[WPA2-PSK-CCMP][ESS],2017-10-27 16:43:54,11,-95,32.1671884367242,34.8079048097134,37.4000015258789,2,WIFI
_6601_3021425,,UNKNOWN;il,2017-10-27 16:43:54,0,-113,32.1671884367242,34.8079048097134,37.4000015258789,2,GSM
14:cc:20:da:ac:0e,Rabia,[WPA2-PSK-CCMP][WPS][ESS],2017-10-27 16:43:58,9,-92,32.1674280753359,34.8079877067357,36,2.5,WIFI
14:ae:db:a4:5b:a2,Assor_wifi,[WPA2-PSK-CCMP][ESS],2017-10-27 16:44:02,9,-92,32.1677814144641,34.8082239925861,35.5,2.5,WIFI
30:b5:c2:25:dc:ae,Bond-MidFloor,[WPA2-PSK-CCMP][WPS][ESS],2017-10-27 16:44:06,4,-85,32.168106129393,34.8083142656833,35.0999984741211,2,WIFI
14:ae:db:3d:b1:52,EL,[WPA2-PSK-CCMP][ESS],2017-10-27 16:44:14,9,-87,32.1680268784985,34.8088011704385,34.2999992370605,1.5,WIFI
14:ae:db:b5:94:35,susanne,[WPA2-PSK-CCMP][ESS],2017-10-27 16:44:14,11,-87,32.1680268784985,34.8088011704385,34.2999992370605,1.5,WIFI
cc:b2:55:68:0b:2a,cohen,[WEP][ESS],2017-10-27 16:44:14,6,-94,32.1680268784985,34.8088011704385,34.2999992370605,1.5,WIFI
fc:75:16:2d:b3:3c,Bezeq-N_2db33b,[ESS],2017-10-27 16:44:14,6,-91,32.1680268784985,34.8088011704385,34.2999992370605,1.5,WIFI
cc:b2:55:e8:4c:e6,INGENEO,[WPA2-PSK-CCMP+TKIP][ESS],2017-10-27 16:44:18,6,-91,32.167937150225,34.8092421423644,33.7000007629395,1.5,WIFI
_6601_3021425,,UNKNOWN;il,2017-10-27 16:44:18,0,-113,32.167937150225,34.8092421423644,33.7000007629395,1.5,GSM
e4:8d:8c:7f:3d:0d,Erez Man,[WPA-PSK-CCMP][WPA2-PSK-CCMP][ESS],2017-10-27 16:44:22,1,-81,32.16786573641,34.8096154723316,32.7999992370605,1.5,WIFI
30:b5:c2:b5:73:c0,TP-LINK_B573C0,[WPA2-PSK-CCMP][WPS][ESS],2017-10-27 16:44:22,4,-91,32.16786573641,34.8096154723316,32.7999992370605,1.5,WIFI
00:78:9e:fa:15:91,MOULY MAISON,[WPA-PSK-CCMP+TKIP][WPA2-PSK-CCMP+TKIP][ESS],2017-10-27 16:44:26,1,-74,32.1678125951439,34.8098850343376,33.7999992370605,2,WIFI
8e:15:54:a9:32:e6,888Corp,[WPA2-EAP-CCMP][ESS][BLE],2017-10-27 16:44:30,40,-84,32.1677576098591,34.8099509160966,33.2000007629395,2,WIFI
c4:12:f5:80:24:0b,CEO-WiFi_2.4,[WPA2-PSK-CCMP][ESS][BLE],2017-10-27 16:44:34,1,-94,32.1676697675139,34.8099287878722,32.9000015258789,2,WIFI
00:30:4f:82:a4:48,ensilo_2.4GH_1,[WPA2-PSK-CCMP-preauth][ESS][BLE],2017-10-27 16:44:43,11,-91,32.1676422748715,34.809901798144,32.9000015258789,2,WIFI
