2017-12-01 10:42:54,model=SM-G950F_device=dreamlte,32.17224246105308,34.8144489381276,7.777438959165592,1,HOTBOX-D88A,c0:ac:54:f5:b4:c9,1,-92.0
2017-12-01 10:43:00,model=SM-G950F_device=dreamlte,32.172238019565235,34.81444473498782,10.580361150029846,1,Efrat,b4:ee:b4:86:c0:f1,11,-74.0
2017-12-01 10:43:06,model=SM-G950F_device=dreamlte,32.172252019523675,34.814391891326764,17.18081811626479,1,angela,80:1f:02:f5:d8:e8,1,-89.0
2017-12-01 10:43:18,model=SM-G950F_device=dreamlte,32.172265215924426,34.81421445142988,22.818991521293682,1,KarvatB0.5,14:ae:db:cc:ed:6d,48,-89.0
2017-12-01 10:43:29,model=SM-G950F_device=dreamlte,32.1723485161587,34.81363858823374,24.55807198020147,1,Bezeq Free GA32E3,52:b0:ce:ac:32:98,1,-80.0
2017-12-01 10:43:31,model=Lenovo PB2-690Y_device=PB2PRO,32.17237425,34.81350895,46.0,1,lellouche,a4:2b:b0:ad:2d:34,5,-93.0
2017-12-01 10:43:33,model=SM-G950F_device=dreamlte,32.17238058500455,34.81341290942063,25.130925493340825,1,dobry2016,6c:b0:ce:ac:32:9b,1,-69.0
2017-12-01 10:43:34,model=Lenovo PB2-690Y_device=PB2PRO,32.17238884,34.81333642,45.0,1,Mevohot_1,20:0c:c8:1b:a2:48,6,-95.0
2017-12-01 10:43:37,model=SM-G950F_device=dreamlte,32.17241155333384,34.81318688512261,25.941801984532795,1,DIR-825-4f83,80:26:89:0d:4f:84,1,-66.0
2017-12-01 10:43:37,model=Lenovo PB2-690Y_device=PB2PRO,32.17241727,34.81315388,44.0,3,DIR-825-4f83,80:26:89:0d:4f:84,1,-73.0,sellahome_2EX,74:da:38:14:1f:8d,9,-82.0,Mevohot_3,60:e3:27:e8:41:e8,11,-86.0
2017-12-01 10:43:40,model=Lenovo PB2-690Y_device=PB2PRO,32.17243758,34.81296682,47.0,6,BezeqFree,06:ae:db:ba:1e:85,11,-81.0,sellahome,d8:fb:5e:17:47:f8,9,-83.0,shweiger1,14:ae:db:c1:ad:7d,1,-84.0,ELDAD,10:0d:7f:80:17:80,11,-87.0,Lahav,08:3e:5d:5c:72:5e,11,-89.0,Orit,c4:a8:1d:12:7d:4c,6,-91.0
2017-12-01 10:43:41,model=SM-G950F_device=dreamlte,32.17244042298214,34.81295646141121,26.35851917429424,1,DIR-825-4f83,80:26:89:0d:4f:84,1,-57.0
2017-12-01 10:43:43,model=Lenovo PB2-690Y_device=PB2PRO,32.17246651,34.81278713,48.0,2,ELDAD,10:0d:7f:80:17:80,11,-73.0,BezeqFree,06:ae:db:c1:ad:7d,1,-87.0
2017-12-01 10:43:45,model=SM-G950F_device=dreamlte,32.17248344093608,34.81270507338805,27.122038414759338,2,ELDAD,10:0d:7f:80:17:80,11,-78.0,Eldad_2EX,80:1f:02:e8:b9:cc,11,-82.0
2017-12-01 10:43:46,model=Lenovo PB2-690Y_device=PB2PRO,32.1724962,34.81260015,47.0,2,Eldad_2EX,80:1f:02:e8:b9:cc,11,-81.0,HOTBOX1234,30:b5:c2:6e:12:d4,1,-88.0
2017-12-01 10:43:49,model=Lenovo PB2-690Y_device=PB2PRO,32.17253749,34.81242555,48.0,1,HOTBOX1234,00:78:9e:f9:f5:5b,1,-82.0
2017-12-01 10:43:52,model=Lenovo PB2-690Y_device=PB2PRO,32.17255033,34.81224372,51.0,1,varda,c4:12:f5:85:27:c2,1,-95.0
2017-12-01 10:43:55,model=Lenovo PB2-690Y_device=PB2PRO,32.17246746,34.81211077,51.0,2,DIR-825-4f83,80:26:89:0d:4f:84,1,-77.0,Miller,00:78:9e:fa:0e:5c,1,-94.0
2017-12-01 10:43:57,model=SM-G950F_device=dreamlte,32.17240151409594,34.812091884783165,29.035709105267408,2,urigil1,a0:ab:1b:5d:c2:60,10,-90.0,INGENEO,cc:b2:55:e8:4c:e6,6,-91.0
2017-12-01 10:43:58,model=Lenovo PB2-690Y_device=PB2PRO,32.17230828,34.81204165,48.0,1,Gil-Up,50:c7:bf:36:df:98,2,-89.0
2017-12-01 10:44:01,model=SM-G950F_device=dreamlte,32.17217553070084,34.81201239183262,29.32418162501339,2,Helen.,a0:ab:1b:57:cd:42,10,-79.0,U2I8L1M0X42,54:64:d9:66:29:ef,11,-85.0
2017-12-01 10:44:01,model=Lenovo PB2-690Y_device=PB2PRO,32.17212193,34.81196568,47.0,5,U2I8L1M0X42,7c:b7:33:97:35:f1,1,-73.0,varda,c4:12:f5:85:27:c2,1,-90.0,KaymeraDev,00:f6:63:15:58:81,1,-93.0,Ben Ami_2.4,c4:04:15:60:6a:b5,11,-93.0,KaymeraGuest,00:f6:63:15:58:82,1,-93.0
2017-12-01 10:44:04,model=Lenovo PB2-690Y_device=PB2PRO,32.17191211,34.81189708,44.0,2,Ben Ami_2.4,c4:04:15:60:6a:b5,11,-84.0,Shani - Green,54:b8:0a:34:68:90,6,-95.0
2017-12-01 10:44:05,model=SM-G950F_device=dreamlte,32.17188758190333,34.81190851897319,29.638531482264742,1,Liza,8c:59:c3:ea:db:4a,1,-78.0
2017-12-01 10:44:07,model=Lenovo PB2-690Y_device=PB2PRO,32.1716947,34.81179424,42.0,2,Ben Ami_2.4,c4:04:15:60:6a:b5,11,-77.0,Hilush111,6c:b0:ce:2f:43:36,1,-92.0
2017-12-01 10:44:10,model=Lenovo PB2-690Y_device=PB2PRO,32.17151458,34.81172206,43.0,1,Gil Kitchen,80:1f:02:a3:7d:62,6,-96.0
2017-12-01 10:44:11,model=SM-G950F_device=dreamlte,32.17149430101505,34.811757862271804,29.890260289021505,1,varda,c4:12:f5:85:27:c2,1,-87.0
2017-12-01 10:44:14,model=SM-G950F_device=dreamlte,32.17134020148104,34.81169555724996,29.78929958349117,2,mika1,c4:12:f5:fb:c0:3e,1,-82.0,donush,c0:ac:54:f5:b7:f2,1,-87.0
2017-12-01 10:44:16,model=Lenovo PB2-690Y_device=PB2PRO,32.17121725,34.81159343,41.0,1,DAVID,d8:fb:5e:17:1b:d6,11,-96.0
2017-12-01 10:44:18,model=SM-G950F_device=dreamlte,32.17113909756608,34.811594706105254,29.498589764617535,1,DAVID,d8:fb:5e:17:1b:d6,11,-92.0
2017-12-01 10:44:19,model=Lenovo PB2-690Y_device=PB2PRO,32.17106022,34.81151613,41.0,1,home,00:13:d4:0f:f3:ba,1,-94.0
2017-12-01 10:44:22,model=SM-G950F_device=dreamlte,32.17094198600168,34.81148871152029,29.247534754719787,2,home,00:13:d4:0f:f3:ba,1,-83.0,TP-LINK_2C3A,84:16:f9:d7:2c:3a,1,-90.0
2017-12-01 10:44:25,model=Lenovo PB2-690Y_device=PB2PRO,32.1707657,34.81134771,39.0,2,home,00:13:d4:0f:f3:ba,1,-88.0,Guymic,14:ae:db:b7:99:2d,6,-95.0
2017-12-01 10:44:26,model=SM-G950F_device=dreamlte,32.17073022335429,34.81136052218762,28.851810564672878,1,home,00:13:d4:0f:f3:ba,1,-77.0
2017-12-01 10:44:28,model=Lenovo PB2-690Y_device=PB2PRO,32.1706109,34.81125793,39.0,2,Guymic,14:ae:db:b7:99:2d,6,-88.0,HOTFiber-A53E,7c:b7:33:a1:7e:98,6,-90.0
2017-12-01 10:44:30,model=SM-G950F_device=dreamlte,32.17052489858893,34.811243700290355,28.48330590693121,5,HOTFiber-A53E,7c:b7:33:a1:7e:98,6,-80.0,rdk,e4:d3:f1:9a:81:60,13,-85.0,RDK,58:b6:33:34:81:a8,1,-85.0,RDK,58:b6:33:34:ae:f8,11,-85.0,dlink,40:9b:cd:11:2f:88,44,-92.0
2017-12-01 10:44:31,model=Lenovo PB2-690Y_device=PB2PRO,32.17044716,34.81116946,39.0,3,HOTFiber-A53E,7c:b7:33:a1:7e:98,6,-79.0,Guymic,14:ae:db:b7:99:2d,6,-81.0,RDK,58:b6:33:34:81:a8,1,-92.0
2017-12-01 10:44:34,model=Lenovo PB2-690Y_device=PB2PRO,32.17027335,34.81109365,38.0,1,devolo-0f4,30:d3:2d:37:20:f4,6,-88.0
2017-12-01 10:44:37,model=Lenovo PB2-690Y_device=PB2PRO,32.17009476,34.81099899,37.0,3,devolo-0f4,30:d3:2d:37:20:f4,6,-80.0,Neeman2.4,20:0c:c8:1d:c8:2b,1,-87.0,Bezeq Free F026CC,6a:0c:c8:1d:c8:28,1,-87.0
2017-12-01 10:44:38,model=SM-G950F_device=dreamlte,32.17005047256307,34.811007615648165,28.289290688769423,1,Neeman2.4_5,20:0c:c8:1d:c8:2c,60,-89.0
2017-12-01 10:44:40,model=Lenovo PB2-690Y_device=PB2PRO,32.16988722,34.81091198,37.0,6,Neeman2.4,20:0c:c8:1d:c8:2b,1,-81.0,Bezeq Free F026CC,6a:0c:c8:1d:c8:28,1,-81.0,HP-Print-20-Deskjet 4640 series,fc:15:b4:65:09:20,1,-83.0,HOTBOX12,d8:fb:5e:17:62:4d,1,-87.0,oved-main,74:da:3a:97:66:9e,6,-87.0,HOTBOX-2E6E,c0:ac:54:f7:27:42,11,-93.0
2017-12-01 10:44:41,model=SM-G950F_device=dreamlte,32.16984101063408,34.8109235856239,28.201870747562097,2,HP-Print-20-Deskjet 4640 series,fc:15:b4:65:09:20,1,-87.0,HOTBOX-2E6E,c0:ac:54:f7:27:42,11,-89.0
2017-12-01 10:44:43,model=Lenovo PB2-690Y_device=PB2PRO,32.16968089,34.81083325,37.0,1,Alpha125,30:b5:c2:e0:55:9c,6,-82.0
2017-12-01 10:44:46,model=Lenovo PB2-690Y_device=PB2PRO,32.16947978,34.81075792,37.0,3,Bezeq Free T00C36,5a:0c:c8:0f:21:90,1,-92.0,BezeqFree,62:ee:0c:39:f9:16,5,-94.0,ELCHARAR_2.4,20:0c:c8:0f:21:93,1,-95.0
2017-12-01 10:44:49,model=SM-G950F_device=dreamlte,32.16930328971546,34.81071393258221,27.82938002803731,1,edimax_2.4G_A92417,74:da:38:a9:24:17,3,-75.0
2017-12-01 10:44:49,model=Lenovo PB2-690Y_device=PB2PRO,32.1692751,34.81066887,38.0,2,BezeqNGN_001489_2.4GHz_1,c0:a0:bb:cb:59:5b,1,-73.0,netbox,d0:d4:12:65:19:a2,1,-96.0
2017-12-01 10:44:52,model=Lenovo PB2-690Y_device=PB2PRO,32.16907519,34.81060214,38.0,5,forestisthebest,c8:d7:19:da:03:16,6,-78.0,spielman,f4:f2:6d:34:56:54,1,-79.0,KaymeraDev,00:f6:63:15:58:81,1,-86.0,KaymeraGuest,00:f6:63:15:58:82,1,-86.0,HP-Print-C1-Deskjet 4640 series,28:80:23:f6:e0:c1,11,-87.0
2017-12-01 10:44:56,model=Lenovo PB2-690Y_device=PB2PRO,32.16883715,34.81052111,38.0,4,Oberyn Martell,18:d6:c7:fb:1c:0e,8,-79.0,INGENEO,cc:b2:55:e8:4c:e6,6,-87.0,simon,e4:6f:13:73:0a:c2,8,-89.0,HTC,06:c2:3e:e4:21:85,4,-92.0
2017-12-01 10:44:57,model=SM-G950F_device=dreamlte,32.168823167573045,34.810544049627936,27.11526685223747,6,RS_GUEST,ec:08:6b:38:0d:dd,12,-85.0,RS_GUEST_5G,ec:08:6b:38:0d:dc,44,-89.0,DIRECT-F4-HP DeskJet 3830 series,c8:d3:ff:57:60:f5,1,-89.0,simon,e4:6f:13:73:0a:c2,8,-89.0,HTC,06:c2:3e:e4:21:85,4,-89.0,KaymeraDev,00:f6:63:15:58:8e,36,-92.0
2017-12-01 10:44:59,model=Lenovo PB2-690Y_device=PB2PRO,32.16872739,34.81060785,38.0,7,kaymeraQA,00:f6:63:15:58:80,1,-82.0,simon,e4:6f:13:73:0a:c2,8,-84.0,Candan,c0:ff:d4:7b:82:30,1,-87.0,Vision Public,c0:4a:00:f7:00:c1,10,-89.0,BARON WIFI 2.4,60:e3:27:bf:a1:a5,11,-91.0,cactus,a0:4f:d4:42:ba:71,1,-95.0,KaymeraGuest,cc:16:7e:97:1d:92,1,-95.0
2017-12-01 10:45:01,model=SM-G950F_device=dreamlte,32.168721003548164,34.81072410830097,27.618449512847366,1,LRWN,0c:f4:d5:29:a2:9c,36,-91.0
2017-12-01 10:45:01,model=Lenovo PB2-690Y_device=PB2PRO,32.16870873,34.81074499,37.0,1,A-Home,00:25:86:b1:6f:f8,6,-81.0
2017-12-01 10:45:11,model=Lenovo PB2-690Y_device=PB2PRO,32.16877222,34.81164041,36.0,5,LRWN,ec:8c:a2:08:a4:5c,52,-69.0,Candan,c0:ff:d4:7b:82:30,1,-88.0,simon,e4:6f:13:73:0a:c2,8,-90.0,INGENEO,cc:b2:55:e8:4c:e6,6,-91.0,Oberyn Martell,18:d6:c7:fb:1c:0e,8,-95.0
2017-12-01 10:45:13,model=SM-G950F_device=dreamlte,32.168846097297546,34.811787470063976,28.29109853755457,4,LRWN,ec:8c:a2:09:dd:4c,44,-70.0,LRWN,0c:f4:d5:29:a2:9c,36,-76.0,HOTFiber-400D,40:65:a3:2b:62:22,6,-88.0,HOTFiber-400D,40:65:a3:2b:62:0e,6,-89.0
2017-12-01 10:45:16,model=Lenovo PB2-690Y_device=PB2PRO,32.16898017,34.81188912,37.0,1,SE-WiFi-Employees,70:4c:a5:20:be:18,1,-94.0
2017-12-01 10:45:23,model=Lenovo PB2-690Y_device=PB2PRO,32.16940316,34.81209444,40.0,3,Einav_1,00:26:5a:10:b7:0a,6,-82.0,RS_GUEST,e4:6f:13:71:f5:ce,9,-92.0,nina,20:0c:c8:2b:2a:14,11,-92.0
2017-12-01 10:45:25,model=SM-G950F_device=dreamlte,32.169545831397976,34.81214324467331,26.834423759379202,1,nina,20:0c:c8:2b:2a:14,11,-68.0
2017-12-01 10:45:26,model=Lenovo PB2-690Y_device=PB2PRO,32.16958729,34.81218021,40.0,2,nina,20:0c:c8:2b:2a:14,11,-73.0,Nehalem_ISR,08:ea:44:74:4b:d5,1,-92.0
2017-12-01 10:45:29,model=SM-G950F_device=dreamlte,32.16978401146249,34.81225704427234,26.41969286035642,4,arama,80:1f:02:36:04:d0,11,-81.0,hilda,00:30:4f:91:36:07,6,-89.0,Astra,00:21:63:4d:73:31,6,-92.0,BezeqFree,5a:ab:1b:62:0d:fd,2,-93.0
2017-12-01 10:45:29,model=Lenovo PB2-690Y_device=PB2PRO,32.16977119,34.81225463,40.0,2,mazia,14:ae:db:b2:5f:05,1,-87.0,arama,80:1f:02:36:04:d0,11,-90.0
2017-12-01 10:45:32,model=Lenovo PB2-690Y_device=PB2PRO,32.16994827,34.81233913,41.0,10,TUCHLER,00:26:5a:69:94:e3,6,-81.0,landau,74:da:38:14:4b:88,11,-81.0,  InnovationEndeavors,74:da:38:a9:1c:df,2,-83.0,klaiman,a0:ab:1b:62:0d:fc,2,-86.0,Astra,00:21:63:4d:73:31,6,-86.0,Mehta_Up,f8:d1:11:b8:3b:7e,6,-87.0,BezeqFree,5a:ab:1b:62:0d:fd,2,-87.0,UFI_UF230_B3F,00:0b:6c:4d:1b:3f,6,-89.0,HOTBOX-8156,b4:ee:b4:a7:81:5c,1,-92.0,Candan,c0:ff:d4:7b:82:30,1,-93.0
2017-12-01 10:45:33,model=SM-G950F_device=dreamlte,32.1700244717399,34.8123593768823,26.279075491882708,3,UFI_UF230_B3F,00:0b:6c:4d:1b:3f,6,-83.0,HP-Print-8A-Deskjet 4640 series,8c:dc:d4:6a:a9:8a,11,-89.0,landau,d4:7b:b0:79:65:fc,11,-92.0
2017-12-01 10:45:35,model=Lenovo PB2-690Y_device=PB2PRO,32.17012573,34.81242227,44.0,5,ter123,70:4d:7b:0c:89:50,6,-82.0,arama,80:1f:02:36:04:d0,11,-84.0,HP-Print-8A-Deskjet 4640 series,8c:dc:d4:6a:a9:8a,11,-89.0,HOTBOX-62EF,d8:fb:5e:17:62:f5,1,-93.0,Florida_Israel1,48:ee:0c:3b:fa:1e,1,-94.0
2017-12-01 10:45:37,model=SM-G950F_device=dreamlte,32.170257763614224,34.81246926564551,26.042709343281796,3,ter123,70:4d:7b:0c:89:50,6,-72.0,klaiman,a0:ab:1b:62:0d:fc,2,-78.0,HOTBOX-62EF,d8:fb:5e:17:62:f5,1,-80.0
2017-12-01 10:45:38,model=Lenovo PB2-690Y_device=PB2PRO,32.17031089,34.81250563,44.0,3,hot,00:1c:10:09:4f:bc,3,-84.0,HOTBOX-62EF,d8:fb:5e:17:62:f5,1,-85.0,geller,00:78:9e:fa:3b:62,11,-90.0
2017-12-01 10:45:41,model=SM-G950F_device=dreamlte,32.17050972538356,34.81258190129876,26.066423141730525,1,UFI_UF230_B3F,00:0b:6c:4d:1b:3f,6,-70.0
2017-12-01 10:45:43,model=Lenovo PB2-690Y_device=PB2PRO,32.17062502,34.81264159,42.0,3,UFI_UF230_B3F,00:0b:6c:4d:1b:3f,6,-63.0,hot,00:1c:10:09:4f:bc,3,-77.0,Oded,14:cc:20:76:b8:2a,11,-89.0
2017-12-01 10:45:45,model=SM-G950F_device=dreamlte,32.17075992790425,34.81269650889793,25.95824106504077,1,Oded 2.4Ghz,00:12:2a:e1:6c:48,11,-83.0
2017-12-01 10:45:47,model=Lenovo PB2-690Y_device=PB2PRO,32.17086052,34.8127604,41.0,4,Oded,14:cc:20:76:b8:2a,11,-65.0,Oded 2.4Ghz,00:12:2a:e1:6c:48,11,-82.0,HOTBOX-2017,c0:ac:54:f5:7d:bd,11,-87.0,TP-LINK_76C08E,14:cc:20:76:c0:8e,1,-93.0
2017-12-01 10:45:49,model=SM-G950F_device=dreamlte,32.17100836271353,34.81281338424775,25.5806087173453,1,Oded 5Ghz,00:12:2a:e1:6c:4c,48,-84.0
2017-12-01 10:45:50,model=Lenovo PB2-690Y_device=PB2PRO,32.17105914,34.81284875,39.0,4,HOTBOX-2017,c0:ac:54:f5:7d:bd,11,-78.0,HP-Print-AF-Officejet Pro 6830,28:80:23:40:5f:af,6,-81.0,TP-LINK_76C08E,14:cc:20:76:c0:8e,1,-86.0,sirocco_2.4o,c4:e9:84:83:1a:0a,11,-91.0
2017-12-01 10:45:53,model=SM-G950F_device=dreamlte,32.17125707817382,34.81291128023999,25.509189468691844,1,yotam17,f8:ab:05:e9:6d:3d,10,-85.0
2017-12-01 10:45:53,model=Lenovo PB2-690Y_device=PB2PRO,32.1712472,34.81289934,36.0,3,Candan,c0:ff:d4:7b:82:30,1,-91.0,  InnovationEndeavors,74:da:38:a9:1c:df,2,-92.0,BezeqFree,06:ae:db:48:af:4d,9,-93.0
2017-12-01 10:45:59,model=Lenovo PB2-690Y_device=PB2PRO,32.17164516,34.81296105,38.0,1,UFI_UF230_B3F,00:0b:6c:4d:1b:3f,6,-92.0
2017-12-01 10:46:04,model=SM-G950F_device=dreamlte,32.17198534972246,34.81299603716402,26.593085271027938,1,SHAHAF2.4,20:0c:c8:0a:ef:2a,11,-82.0
2017-12-01 10:46:05,model=Lenovo PB2-690Y_device=PB2PRO,32.17201156,34.81299553,38.0,2,Oded 5Ghz,00:12:2a:e1:6c:4c,48,-82.0,Motti11,a4:2b:b0:d4:55:36,6,-96.0
2017-12-01 10:46:07,model=SM-G950F_device=dreamlte,32.172152473716416,34.81301798358491,26.289785056235647,1,Oded 5Ghz,00:12:2a:e1:6c:4c,48,-89.0
2017-12-01 10:46:08,model=Lenovo PB2-690Y_device=PB2PRO,32.17218423,34.81302496,39.0,3,Oded,14:cc:20:76:b8:2a,11,-92.0,HP-Print-AF-Officejet Pro 6830,28:80:23:40:5f:af,6,-94.0,TP-LINK_76C08E,14:cc:20:76:c0:8e,1,-94.0
2017-12-01 10:46:11,model=Lenovo PB2-690Y_device=PB2PRO,32.1723264,34.81305758,43.0,1,Oded 2.4Ghz,00:12:2a:e1:6c:48,11,-84.0
2017-12-01 10:46:13,model=SM-G950F_device=dreamlte,32.172434684187074,34.813112686158654,26.95797609468581,1,sellahome,d8:fb:5e:17:47:f8,9,-73.0
2017-12-01 10:46:14,model=Lenovo PB2-690Y_device=PB2PRO,32.17240104,34.81314461,44.0,2,DIR-825-4f83,80:26:89:0d:4f:84,1,-74.0,Miller,00:78:9e:fa:0e:5c,1,-78.0
2017-12-01 10:46:20,model=Lenovo PB2-690Y_device=PB2PRO,32.17237484,34.81345105,41.0,1,HOTBOX-1A14,00:07:26:4f:07:ae,6,-91.0
2017-12-01 10:46:23,model=Lenovo PB2-690Y_device=PB2PRO,32.17232792,34.81365654,42.0,1,dobry2016_5,6c:b0:ce:ac:32:9c,60,-89.0
2017-12-01 10:46:28,model=SM-G950F_device=dreamlte,32.172328818282836,34.81401199636586,28.284107087616025,1,DIR-825-4f83,80:26:89:0d:4f:84,1,-88.0
2017-12-01 10:46:29,model=Lenovo PB2-690Y_device=PB2PRO,32.17229561,34.81402472,40.0,3,Orit,c4:a8:1d:12:7d:4c,6,-80.0,DIRECT-CC-HP DeskJet 4670 series,70:5a:0f:b2:64:cd,6,-89.0,Lahav,08:3e:5d:5c:72:5e,11,-94.0
2017-12-01 10:46:32,model=Lenovo PB2-690Y_device=PB2PRO,32.17226318,34.81420816,40.0,3,DIR-825-4f83,80:26:89:0d:4f:84,1,-85.0,Mevohot_3,60:e3:27:e8:41:e8,11,-93.0,Wifi,74:44:01:39:09:86,11,-93.0
2017-12-01 10:46:38,model=Lenovo PB2-690Y_device=PB2PRO,32.1722525,34.81443463,40.0,1,love,14:ae:db:58:73:75,1,-70.0
2017-12-01 10:49:08,model=SM-G950F_device=dreamlte,32.17218268216534,34.81446401702757,13.65040888895076,1,Efrat,40:65:a3:35:4c:c4,1,-75.0
2017-12-01 10:49:14,model=SM-G950F_device=dreamlte,32.172209259560766,34.814448298318844,15.376435938028056,1,Volvo247,08:97:58:32:69:c6,4,-81.0
2017-12-01 10:49:21,model=Lenovo PB2-690Y_device=PB2PRO,32.17228106,34.81440381,51.0,1,Zvi_2.4,10:5a:f7:0f:d5:32,11,-91.0
2017-12-01 10:49:29,model=SM-G950F_device=dreamlte,32.172250875103074,34.81436692415887,25.869143128974688,1,love,14:ae:db:58:73:75,1,-78.0
2017-12-01 10:49:42,model=Lenovo PB2-690Y_device=PB2PRO,32.17227827,34.81413625,45.0,1,BezeqFree,62:ee:0c:3d:eb:b9,9,-88.0
2017-12-01 10:49:44,model=SM-G950F_device=dreamlte,32.17228483399432,34.814036899369874,30.59005383029067,1,Chakir,00:12:2a:35:c8:7c,1,-86.0
2017-12-01 10:49:47,model=SM-G950F_device=dreamlte,32.17230733807558,34.81387685906902,30.93962047051264,1,Orit,c4:a8:1d:12:7d:4c,6,-69.0
2017-12-01 10:49:51,model=Lenovo PB2-690Y_device=PB2PRO,32.17234589,34.81367079,44.0,1,Lahav,b0:b2:8f:01:ad:fe,11,-73.0
2017-12-01 10:49:56,model=SM-G950F_device=dreamlte,32.172382685741084,34.81336124587249,31.34185373223523,1,Mevohot_1,20:0c:c8:1b:a2:48,6,-70.0
2017-12-01 10:50:00,model=Lenovo PB2-690Y_device=PB2PRO,32.1724094,34.81316731,41.0,4,DIR-825-4f83,80:26:89:0d:4f:84,1,-71.0,BezeqFree,06:ae:db:ba:1e:85,11,-76.0,GuyHila,14:ae:db:ba:1e:85,11,-76.0,Mevohot_3,60:e3:27:e8:41:e8,11,-80.0
2017-12-01 10:50:05,model=SM-G950F_device=dreamlte,32.17244003231061,34.81291470608912,31.60427366454716,2,DIR-825-4f83,80:26:89:0d:4f:84,1,-68.0,DIR-825-4f83,80:26:89:0d:4f:84,1,-77.0
2017-12-01 10:50:06,model=Lenovo PB2-690Y_device=PB2PRO,32.17246049,34.81286197,42.0,1,DIRECT-CC-HP DeskJet 4670 series,70:5a:0f:b2:64:cd,6,-80.0
2017-12-01 10:50:08,model=SM-G950F_device=dreamlte,32.17248382374769,34.812693847413286,31.655143780144986,1,NIPPON_3687,08:97:58:32:d2:98,2,-88.0
2017-12-01 10:50:09,model=Lenovo PB2-690Y_device=PB2PRO,32.17250306,34.81263803,42.0,2,DIRECT-CC-HP DeskJet 4670 series,70:5a:0f:b2:64:cd,6,-75.0,BS-WIFI-4EVER,fc:75:16:55:27:fa,6,-94.0
2017-12-01 10:50:11,model=SM-G950F_device=dreamlte,32.1725225188478,34.81247911919242,31.65132309930995,2,NIPPON_3687,08:97:58:32:d2:98,2,-80.0,Hotbox,00:78:9e:f9:e8:58,11,-91.0
2017-12-01 10:50:12,model=Lenovo PB2-690Y_device=PB2PRO,32.17253375,34.81242662,42.0,1,DIRECT-74-HP DeskJet 4670 series,3c:52:82:af:42:75,1,-59.0
2017-12-01 10:50:14,model=SM-G950F_device=dreamlte,32.17254564957508,34.81226897382831,31.618010387253292,1,varda,c4:12:f5:85:27:c2,1,-86.0
2017-12-01 10:50:15,model=Lenovo PB2-690Y_device=PB2PRO,32.17254538,34.81222007,42.0,2,NIPPON_3687,08:97:58:32:d2:98,2,-79.0,Gil Kitchen,80:1f:02:a3:7d:62,6,-87.0
2017-12-01 10:50:18,model=Lenovo PB2-690Y_device=PB2PRO,32.17242642,34.81207339,43.0,1,urigil1,a0:ab:1b:5d:c2:60,10,-97.0
2017-12-01 10:50:20,model=SM-G950F_device=dreamlte,32.17229408710547,34.812042356198646,31.564860016164797,1,Helen.,a0:ab:1b:57:cd:42,10,-74.0
2017-12-01 10:50:21,model=Lenovo PB2-690Y_device=PB2PRO,32.17226944,34.81201158,41.0,2,varda,c4:12:f5:85:27:c2,1,-83.0,varda_HD,c4:12:f5:85:27:c1,60,-88.0
2017-12-01 10:50:27,model=Lenovo PB2-690Y_device=PB2PRO,32.17190615,34.81187369,37.0,1,Shani - Green,54:b8:0a:34:68:90,6,-89.0
2017-12-01 10:50:29,model=SM-G950F_device=dreamlte,32.171728186062275,34.8118405837912,31.30445033277722,1,Ben Ami_2.4,c4:04:15:60:6a:b5,11,-73.0
2017-12-01 10:50:32,model=SM-G950F_device=dreamlte,32.17154067297358,34.811768201385796,31.186797226280795,1,varda,c4:12:f5:85:27:c2,1,-88.0
2017-12-01 10:50:35,model=SM-G950F_device=dreamlte,32.17135803478369,34.81168874408503,31.090525572576986,1,ronkla2_5,3c:1e:04:07:2a:ff,48,-85.0
2017-12-01 10:50:36,model=Lenovo PB2-690Y_device=PB2PRO,32.17134232,34.81165241,37.0,3,maya salon,c4:a8:1d:12:df:c5,1,-89.0,@Cafe,52:a8:1d:12:df:c4,1,-92.0,luxynet,00:c0:02:0a:c6:c2,7,-93.0
2017-12-01 10:50:38,model=SM-G950F_device=dreamlte,32.17117720998362,34.811600945951724,30.92205515278031,1,mika1,c4:12:f5:fb:c0:3e,1,-77.0
2017-12-01 10:50:45,model=Lenovo PB2-690Y_device=PB2PRO,32.1708157,34.81137225,32.0,2,Gana7_2GExt,64:d9:54:e4:95:37,5,-90.0,Gana7,48:ee:0c:3c:30:1e,5,-93.0
2017-12-01 10:50:47,model=SM-G950F_device=dreamlte,32.17061250500982,34.81130191879183,30.49189808903073,1,Gana7_2GExt,64:d9:54:e4:95:37,5,-88.0
2017-12-01 10:50:48,model=Lenovo PB2-690Y_device=PB2PRO,32.17062149,34.81126162,29.0,1,shlomi,d8:5d:4c:d9:c4:68,1,-82.0
2017-12-01 10:50:50,model=SM-G950F_device=dreamlte,32.1704220061369,34.811205413681165,30.648087593734658,1,Guymic,14:ae:db:b7:99:2d,6,-78.0
2017-12-01 10:50:53,model=SM-G950F_device=dreamlte,32.17023774400125,34.811098338566204,30.62847275857126,1,stephane,00:24:2b:cf:13:21,1,-82.0
2017-12-01 10:50:54,model=Lenovo PB2-690Y_device=PB2PRO,32.17022989,34.81107053,29.0,1,shlomi,d8:5d:4c:d9:c4:68,1,-77.0
2017-12-01 10:50:56,model=SM-G950F_device=dreamlte,32.170053389171805,34.81099874038432,30.62659341727973,2,devolo-0f4,30:d3:2d:37:20:f4,6,-80.0,HOTBOX-4D4E,00:78:9e:fb:1e:09,1,-91.0
2017-12-01 10:50:58,model=Lenovo PB2-690Y_device=PB2PRO,32.1699948,34.81094348,29.0,2,Eric 2.4,c4:a8:1d:13:2a:95,1,-87.0,  InnovationEndeavors,74:da:38:a9:1c:df,2,-89.0
2017-12-01 10:50:59,model=SM-G950F_device=dreamlte,32.16988410573102,34.81092582224991,30.446072012812692,2,Neeman2.4,20:0c:c8:1d:c8:2b,1,-78.0,oved-main_2EX,74:da:38:97:66:9d,6,-78.0
2017-12-01 10:51:01,model=Lenovo PB2-690Y_device=PB2PRO,32.16983611,34.81088834,28.0,3,oved-main_2EX,74:da:38:97:66:9d,6,-77.0,HOTBOX12,a0:8e:78:7f:2a:69,1,-87.0,bait,10:be:f5:3f:b2:ce,10,-94.0
2017-12-01 10:51:02,model=SM-G950F_device=dreamlte,32.169728418133815,34.810858045280845,30.475360437267003,1,oved-main,74:da:39:54:b8:1d,6,-83.0
2017-12-01 10:51:04,model=Lenovo PB2-690Y_device=PB2PRO,32.16970224,34.81083489,27.0,1,Li,c0:ac:54:f8:6b:28,1,-80.0
2017-12-01 10:51:07,model=Lenovo PB2-690Y_device=PB2PRO,32.16957488,34.81078619,23.0,1,Ronizyc1,48:ee:0c:39:f9:15,5,-92.0
2017-12-01 10:51:08,model=SM-G950F_device=dreamlte,32.169491346626565,34.81077184677352,30.418708757918328,5,Lili,c4:12:f5:f9:5c:7c,11,-86.0,Liliup,74:da:38:c3:12:45,2,-88.0,ELCHARAR_2.4,20:0c:c8:0f:21:93,1,-89.0,Alpha125,10:fe:ed:74:fc:46,1,-90.0,Bezeq Free T00C36,5a:0c:c8:0f:21:90,1,-92.0
2017-12-01 10:51:10,model=Lenovo PB2-690Y_device=PB2PRO,32.16948516,34.81076003,23.0,2,BezeqFree,62:ee:0c:39:f9:16,5,-84.0,Ronizyc1,48:ee:0c:39:f9:15,5,-85.0
2017-12-01 10:51:11,model=SM-G950F_device=dreamlte,32.16939849690679,34.81074036189685,30.417555185780614,1,dlink-A09C,ac:f1:df:76:a0:9c,11,-91.0
2017-12-01 10:51:13,model=Lenovo PB2-690Y_device=PB2PRO,32.16940059,34.81073707,24.0,1,dlink-A09C,ac:f1:df:76:a0:9c,11,-94.0
2017-12-01 10:51:14,model=SM-G950F_device=dreamlte,32.16935940800852,34.81072496254775,30.408083632363006,1,edimax_5G_A9241C,74:da:38:a9:24:1c,40,-82.0
2017-12-01 10:51:19,model=Lenovo PB2-690Y_device=PB2PRO,32.16937301,34.81072683,27.0,1,forestisthebest,c8:d7:19:d4:7c:73,6,-93.0
2017-12-01 10:51:20,model=SM-G950F_device=dreamlte,32.16935940800852,34.81072496254775,30.410277054761934,1,spielman,7c:b7:33:2b:c4:52,1,-81.0
2017-12-01 10:51:26,model=SM-G950F_device=dreamlte,32.16935940800852,34.81072496254775,30.402558717210276,1,forestisthebest,c8:d7:19:da:03:16,6,-54.0
2017-12-01 10:51:31,model=Lenovo PB2-690Y_device=PB2PRO,32.16937265,34.81071795,29.0,1,edimax_5G_A9241C,74:da:38:a9:24:1c,40,-84.0
2017-12-01 10:51:56,model=SM-G950F_device=dreamlte,32.16935940800852,34.81072496254775,30.282964951541523,1,evanson,7c:03:4c:fe:f6:68,1,-93.0
2017-12-01 10:52:13,model=Lenovo PB2-690Y_device=PB2PRO,32.16936666,34.81070436,31.0,1,forestisthebest-guest,c8:d7:19:d4:7c:75,6,-94.0
2017-12-01 10:52:43,model=Lenovo PB2-690Y_device=PB2PRO,32.16938116,34.81071282,32.0,1,edimax_5G_A9241C,74:da:38:a9:24:1c,40,-79.0
2017-12-01 10:53:11,model=SM-G950F_device=dreamlte,32.16935940800852,34.81072496254775,29.810774319909903,1,KaymeraDev,00:f6:63:15:58:81,1,-84.0
2017-12-01 10:53:44,model=SM-G950F_device=dreamlte,32.16935940800852,34.81072496254775,29.548431945777384,1,KaymeraDev,00:f6:63:15:58:81,1,-78.0
2017-12-01 10:53:47,model=SM-G950F_device=dreamlte,32.16935940800852,34.81072496254775,29.526404101045063,1,spielman,7c:b7:33:2b:c4:52,1,-73.0
2017-12-01 10:54:11,model=SM-G950F_device=dreamlte,32.16935940800852,34.81072496254775,29.378351155752636,1,evanson,7c:03:4c:fe:f6:68,1,-80.0
2017-12-01 10:54:23,model=SM-G950F_device=dreamlte,32.16935940800852,34.81072496254775,29.326111975136897,1,BezeqNGN_001489_2.4GHz_1,c0:a0:bb:cb:59:5b,1,-68.0
2017-12-01 10:54:41,model=SM-G950F_device=dreamlte,32.16935940800852,34.81072496254775,29.2667725415671,1,oved-main,74:da:39:54:b8:1d,6,-64.0
2017-12-01 10:55:10,model=Lenovo PB2-690Y_device=PB2PRO,32.16935676,34.81068889,29.0,1,BezeqFree,62:be:f5:40:26:83,10,-96.0
2017-12-01 10:55:46,model=Lenovo PB2-690Y_device=PB2PRO,32.16923806,34.81066982,25.0,1,Home,34:36:3b:c2:be:b8,11,-91.0
2017-12-01 10:55:47,model=SM-G950F_device=dreamlte,32.169212309411726,34.81068174685835,28.886321206805917,1,spielman,f4:f2:6d:34:56:54,1,-77.0
2017-12-01 10:55:50,model=SM-G950F_device=dreamlte,32.16917019230133,34.8106650271149,28.810367981340118,2,Jamcanup,74:da:38:c3:0d:6b,2,-87.0,Jamcandown,74:da:38:b6:f6:c9,4,-89.0
2017-12-01 10:55:56,model=SM-G950F_device=dreamlte,32.16917019230133,34.8106650271149,28.77355504306178,2,edimax_2.4G_ruty,74:da:38:d3:bb:81,2,-80.0,HP-Print-C1-Deskjet 4640 series,28:80:23:f6:e0:c1,11,-86.0
2017-12-01 10:56:21,model=Lenovo PB2-690Y_device=PB2PRO,32.16916884,34.81065234,31.0,1,Home,10:be:f5:40:26:82,10,-89.0
2017-12-01 10:56:54,model=Lenovo PB2-690Y_device=PB2PRO,32.16907372,34.81062139,31.0,1,Oberyn Martell,18:d6:c7:fb:1c:0e,8,-89.0
2017-12-01 10:56:55,model=SM-G950F_device=dreamlte,32.169012321650136,34.810619520712386,28.06850525498688,1,HP-Print-C1-Deskjet 4640 series,28:80:23:f6:e0:c1,11,-81.0
2017-12-01 10:56:58,model=Lenovo PB2-690Y_device=PB2PRO,32.1689281,34.81057719,30.0,1,simon,e4:6f:13:73:0a:c2,8,-90.0
2017-12-01 10:56:58,model=SM-G950F_device=dreamlte,32.168881406149175,34.81057058716543,27.5643827071327,1,iFOREX,f8:d1:11:b1:92:93,6,-91.0
2017-12-01 10:57:01,model=Lenovo PB2-690Y_device=PB2PRO,32.16884222,34.8105797,31.0,1,DIRECT-a8-HP M477 LaserJet,aa:6b:ad:04:c6:a8,1,-94.0
2017-12-01 10:57:02,model=SM-G950F_device=dreamlte,32.16878253500298,34.81061687133246,27.49950646026102,3,Candan,c0:ff:d4:7b:82:30,1,-89.0,INGENEO,cc:b2:55:e8:4c:e6,6,-91.0,DIRECT-a8-HP M477 LaserJet,aa:6b:ad:04:c6:a8,1,-91.0
2017-12-01 10:57:04,model=Lenovo PB2-690Y_device=PB2PRO,32.16876228,34.81066791,31.0,2,Levy,f8:ab:05:46:de:55,10,-85.0,DIRECT-F4-HP DeskJet 3830 series,c8:d3:ff:57:60:f5,1,-93.0
2017-12-01 10:57:05,model=SM-G950F_device=dreamlte,32.168750227662805,34.81078259065756,27.14415548219039,1,LRWN,ec:8c:a2:09:dd:48,11,-91.0
2017-12-01 10:57:11,model=SM-G950F_device=dreamlte,32.16875525343879,34.81129910090613,26.895184619901016,1,HOTBOX111,c0:ac:54:f6:ae:5e,11,-77.0
2017-12-01 10:57:14,model=SM-G950F_device=dreamlte,32.16878953124043,34.81154567298425,26.885456221515238,1,LRWN,ec:8c:a2:09:dd:48,11,-86.0
2017-12-01 10:57:17,model=SM-G950F_device=dreamlte,32.16883769901991,34.81174537287164,26.96056003278366,3,LRWN,ec:8c:a2:09:dd:48,11,-74.0,  InnovationEndeavors,74:da:38:a9:1c:df,2,-88.0,HOTFiber-400D,b4:ee:b4:36:dd:b9,6,-89.0
2017-12-01 10:57:19,model=Lenovo PB2-690Y_device=PB2PRO,32.16885258,34.81180676,32.0,1,LRWN,ec:8c:a2:09:dd:48,11,-59.0
2017-12-01 10:57:19,model=SM-G950F_device=dreamlte,32.16889805537721,34.81183319930766,27.057519941460445,2,LRWN,0c:f4:d5:29:a2:9c,36,-68.0,Talfamily,e0:ce:c3:86:a7:9e,1,-80.0
2017-12-01 10:57:23,model=SM-G950F_device=dreamlte,32.16909112707448,34.81193255078027,27.16529272330712,1,HOTBOX-8156,b4:ee:b4:a7:81:5c,1,-89.0
2017-12-01 10:57:26,model=SM-G950F_device=dreamlte,32.16927107246911,34.81201044802282,27.21999505256496,3,Fuck Off Yourself,16:ae:db:c1:ae:55,9,-79.0,Fuck Off ext,a4:2b:b0:e0:3a:01,11,-80.0,Mheta_AP,86:2a:a8:eb:a9:60,6,-90.0
2017-12-01 10:57:29,model=SM-G950F_device=dreamlte,32.16943682725201,34.81208525807686,27.286889233099085,2,ELCHARAR_2.4,20:0c:c8:0f:21:93,1,-90.0,Bezeq Free T00C36,5a:0c:c8:0f:21:90,1,-90.0
2017-12-01 10:57:37,model=Lenovo PB2-690Y_device=PB2PRO,32.16960197,34.81229045,33.0,3,nina,20:0c:c8:2b:2a:14,11,-67.0,arama,80:1f:02:36:04:d0,11,-76.0,  InnovationEndeavors,74:da:38:a9:1c:df,2,-89.0
2017-12-01 10:57:43,model=Lenovo PB2-690Y_device=PB2PRO,32.16957574,34.81265851,32.0,2,arama,80:1f:02:36:04:d0,11,-67.0,HOTFiber arama,e0:ce:c3:23:12:30,1,-76.0
2017-12-01 10:57:50,model=SM-G950F_device=dreamlte,32.16955478439471,34.81323889640528,27.210830449251343,1,nina,20:0c:c8:2b:2a:14,11,-91.0
2017-12-01 10:57:53,model=SM-G950F_device=dreamlte,32.1695720901851,34.813408321637986,27.26150168083893,2,hilda,00:30:4f:91:36:07,6,-71.0,DIRECT-29-HP OfficeJet Pro 8710,ec:8e:b5:05:57:19,6,-91.0
2017-12-01 10:57:55,model=Lenovo PB2-690Y_device=PB2PRO,32.1696487,34.81343376,35.0,5,hilda,00:30:4f:91:38:b3,6,-73.0,Bezeq Free 836CFE,52:0d:7f:83:6c:ff,11,-90.0,NETGEAR_DGN2200,10:0d:7f:83:6c:fe,11,-93.0,Ab,90:8d:78:54:d9:69,10,-95.0,Candan,c0:ff:d4:7b:82:30,1,-96.0
2017-12-01 10:57:56,model=SM-G950F_device=dreamlte,32.1697212488476,34.81347187978352,27.703358675305417,1,Candan,c0:ff:d4:7b:82:30,1,-89.0
2017-12-01 10:57:58,model=Lenovo PB2-690Y_device=PB2PRO,32.16981779,34.81346387,35.0,3,kawasaki,48:ee:0c:3b:ac:5a,11,-75.0,Bezeq Free,62:ee:0c:3b:ac:5b,11,-75.0,Candan,c0:ff:d4:7b:82:30,1,-90.0
2017-12-01 10:58:02,model=Lenovo PB2-690Y_device=PB2PRO,32.17004926,34.81351135,36.0,1,shmulik,d0:d4:12:64:05:12,11,-80.0
2017-12-01 10:58:02,model=SM-G950F_device=dreamlte,32.17010132675571,34.813514176763185,29.07004588283799,3,dlink,00:24:01:18:99:57,6,-67.0,orange,00:21:04:e7:95:da,1,-90.0,Bezeq Free,62:19:8f:46:9f:bf,6,-94.0
2017-12-01 10:58:05,model=Lenovo PB2-690Y_device=PB2PRO,32.17021581,34.81353649,37.0,1,Pantum-AP-9DDCCB,28:f3:66:9d:dc:cb,11,-84.0
2017-12-01 10:58:05,model=SM-G950F_device=dreamlte,32.17025406565039,34.813537076757704,29.467349061309914,1,orange,00:21:04:e7:95:da,1,-74.0
2017-12-01 10:58:08,model=Lenovo PB2-690Y_device=PB2PRO,32.17039308,34.81356425,37.0,4,Daizad,e8:cc:18:ac:1a:52,7,-72.0,Is,16:0c:c3:ee:27:39,6,-83.0,HOTBOX-F028,00:78:9e:fa:6f:c3,1,-85.0,Beni,c4:12:f5:f4:82:42,9,-96.0
2017-12-01 10:58:08,model=SM-G950F_device=dreamlte,32.17042884309843,34.81356387819144,29.626149949895638,2,HOTBOX-F028,18:1e:78:86:03:15,1,-76.0,HOTBOX-F028,00:78:9e:fa:6f:c3,1,-80.0
2017-12-01 10:58:11,model=Lenovo PB2-690Y_device=PB2PRO,32.17057165,34.81358945,39.0,4,HOTBOX-F028,18:1e:78:86:03:15,1,-61.0,amnon,c0:ac:54:f8:6c:8a,6,-87.0,yotam17,b0:b2:8f:36:a2:b3,10,-91.0,Motti11,a4:2b:b0:d4:55:36,6,-93.0
2017-12-01 10:58:11,model=SM-G950F_device=dreamlte,32.17061830172761,34.813595071211296,29.523181901977164,4,amnon,c0:ac:54:f8:6c:8a,6,-85.0,Is,16:0c:c3:ee:27:39,6,-88.0,My_Internet,fc:75:16:2e:5a:47,10,-90.0,Beni,c4:12:f5:f4:82:42,9,-91.0
2017-12-01 10:58:14,model=Lenovo PB2-690Y_device=PB2PRO,32.17076265,34.81362514,40.0,2,HOTBOX,c0:ac:54:f7:42:60,1,-82.0,Beni,c4:12:f5:f4:82:42,9,-88.0
2017-12-01 10:58:14,model=SM-G950F_device=dreamlte,32.17081392063111,34.81363414318978,29.098105928258406,2,Beni,c4:12:f5:f4:82:42,9,-82.0,HOTBOX,c0:ac:54:f7:42:60,1,-90.0
2017-12-01 10:58:17,model=Lenovo PB2-690Y_device=PB2PRO,32.17094133,34.81363121,41.0,2,Beni,c4:12:f5:f4:82:42,9,-80.0,HOTBOX111,c0:ac:54:f7:3c:c2,1,-89.0
2017-12-01 10:58:17,model=SM-G950F_device=dreamlte,32.17098714928447,34.81362985551846,28.81880764900309,1,HOTBOX111,c0:ac:54:f7:3c:c2,1,-87.0
2017-12-01 10:58:20,model=Lenovo PB2-690Y_device=PB2PRO,32.1710485,34.81352307,40.0,4,MNP_HOME_2.4GHz_1,04:a1:51:e0:5f:ee,6,-81.0,test012,00:12:2a:d2:0c:38,1,-87.0,My_Internet,fc:75:16:2e:5a:47,10,-88.0,nurit,a0:4f:d4:45:1f:a1,1,-95.0
2017-12-01 10:58:20,model=SM-G950F_device=dreamlte,32.17106789784238,34.81350325265134,28.866614638393763,3,My_Internet,fc:75:16:2e:5a:47,10,-77.0,MNP_HOME_2.4GHz_1,04:a1:51:e0:5f:ee,6,-85.0,test012,00:12:2a:d2:0c:38,1,-88.0
2017-12-01 10:58:23,model=Lenovo PB2-690Y_device=PB2PRO,32.17105532,34.81334185,40.0,3,Yotam _ work _ room,d8:5d:4c:d1:4d:b0,9,-75.0,yotam17,f8:ab:05:e9:6d:3d,10,-81.0,Yotam_Shir,00:26:5a:24:f4:f0,8,-90.0
2017-12-01 10:58:23,model=SM-G950F_device=dreamlte,32.17107862941617,34.81330158971711,28.915995433589472,2,Yotam _ work _ room,d8:5d:4c:d1:4d:b0,9,-68.0,tal,90:8d:78:54:22:a2,1,-87.0
2017-12-01 10:58:26,model=Lenovo PB2-690Y_device=PB2PRO,32.17108533,34.81312098,40.0,5,nurit,a0:4f:d4:45:1f:a1,1,-74.0,yotam17,f8:ab:05:e9:6d:3d,10,-75.0,tal,90:8d:78:54:22:a2,1,-81.0,tal2,90:8d:78:54:22:a1,60,-86.0,sirocco_2.4o,14:cc:20:09:3c:b9,11,-93.0
2017-12-01 10:58:26,model=SM-G950F_device=dreamlte,32.17110086640514,34.813083395926654,28.87277115238635,7,nurit,a0:4f:d4:45:1f:a1,1,-78.0,sirocco_2.4o,c4:e9:84:83:1a:0a,11,-79.0,tal,90:8d:78:54:22:a2,1,-79.0,044870715,14:ae:db:b7:ab:ad,6,-81.0,tal2,90:8d:78:54:22:a1,60,-84.0,sirocco_2.4o,14:cc:20:09:3c:b9,11,-86.0,DIRECT-75-HP DeskJet 4670 series,b0:5a:da:fa:44:76,6,-87.0
2017-12-01 10:58:29,model=Lenovo PB2-690Y_device=PB2PRO,32.17110218,34.81293682,39.0,2,044870715,14:ae:db:b7:ab:ad,6,-85.0,yotam17,7c:b7:33:ea:b8:ff,10,-93.0
2017-12-01 10:58:32,model=SM-G950F_device=dreamlte,32.17104344764023,34.812838021973164,29.194668220647973,2,DIR-825-4f83,80:26:89:0d:4f:84,1,-86.0,Oded 5Ghz,00:12:2a:e1:6c:4c,48,-90.0
2017-12-01 10:58:35,model=Lenovo PB2-690Y_device=PB2PRO,32.17091306,34.81276023,40.0,5,HP-Print-AF-Officejet Pro 6830,28:80:23:40:5f:af,6,-78.0,Oded 2.4Ghz,00:12:2a:e1:6c:48,11,-79.0,Oded,14:cc:20:76:b8:2a,11,-81.0,Oded 5Ghz,00:12:2a:e1:6c:4c,48,-84.0,Motti11,a4:2b:b0:d4:55:36,6,-87.0
2017-12-01 10:58:38,model=Lenovo PB2-690Y_device=PB2PRO,32.17074241,34.81267377,40.0,5,Oded,14:cc:20:76:b8:2a,11,-70.0,HP-Print-AF-Officejet Pro 6830,28:80:23:40:5f:af,6,-71.0,HOTBOX-2017,c0:ac:54:f5:7d:bd,11,-72.0,TP-LINK_76C08E,14:cc:20:76:c0:8e,1,-90.0,Laufer-wifi,4c:60:de:51:8b:ca,11,-93.0
2017-12-01 10:58:38,model=SM-G950F_device=dreamlte,32.17070417266147,34.81268528377859,29.694922823032826,2,Oded 2.4Ghz,00:12:2a:e1:6c:48,11,-69.0,Oded 5Ghz,00:12:2a:e1:6c:4c,48,-84.0
2017-12-01 10:58:41,model=Lenovo PB2-690Y_device=PB2PRO,32.17057552,34.81258739,41.0,1,UFI_UF230_B3F,00:0b:6c:4d:1b:3f,6,-75.0
2017-12-01 10:58:44,model=Lenovo PB2-690Y_device=PB2PRO,32.17041608,34.81251639,41.0,2,UFI_UF230_B3F,00:0b:6c:4d:1b:3f,6,-69.0,hot,00:1c:10:09:4f:bc,3,-71.0
2017-12-01 10:58:47,model=SM-G950F_device=dreamlte,32.17028599663912,34.812613739872425,28.98665425276264,1,SIEMENS_LivingRoom,d4:6e:0e:3c:44:e1,1,-83.0
2017-12-01 10:58:50,model=Lenovo PB2-690Y_device=PB2PRO,32.17027834,34.81274376,40.0,3,edimax.setup,74:da:38:c6:57:9b,9,-71.0,TP-LINK_E3CA,84:16:f9:e4:e3:ca,9,-77.0,frank,e8:94:f6:e2:6e:4b,6,-80.0
2017-12-01 10:58:50,model=SM-G950F_device=dreamlte,32.17026748685567,34.81278321992516,29.0136877102822,2,frank,e8:94:f6:e2:6e:4b,6,-71.0,TP-LINK_E3CA,84:16:f9:e4:e3:ca,9,-80.0
2017-12-01 10:59:02,model=SM-G950F_device=dreamlte,32.17024204862788,34.813533118254576,29.09677084835438,2,ter123,70:4d:7b:0c:89:50,6,-88.0,Daizad,e8:cc:18:ac:1b:e1,3,-90.0
2017-12-01 10:59:05,model=SM-G950F_device=dreamlte,32.170307583918806,34.81358034712056,29.23477071711897,1,Daizad,e8:cc:18:ac:1a:52,7,-81.0
2017-12-01 10:59:08,model=SM-G950F_device=dreamlte,32.17050412989869,34.813608312741444,29.49532062714165,1,yotam17,b0:b2:8f:36:a2:b3,10,-91.0
2017-12-01 10:59:11,model=Lenovo PB2-690Y_device=PB2PRO,32.17065401,34.81360361,47.0,1,amnon,c0:ac:54:f8:6c:8a,6,-78.0
2017-12-01 10:59:14,model=SM-G950F_device=dreamlte,32.17094894909989,34.81367243117691,29.871227188060253,3,Beni,c4:12:f5:f4:82:42,9,-71.0,HOTBOX,c0:ac:54:f7:42:60,1,-84.0,Baruch_2.4,10:5a:f7:08:27:71,6,-90.0
2017-12-01 10:59:17,model=Lenovo PB2-690Y_device=PB2PRO,32.17103853,34.81359455,43.0,1,Partner-4G-B6D4,a8:c8:3a:35:b6:d4,1,-92.0
2017-12-01 10:59:20,model=Lenovo PB2-690Y_device=PB2PRO,32.17108532,34.81338487,43.0,1,My_Internet,fc:75:16:2e:5a:47,10,-81.0
2017-12-01 10:59:20,model=SM-G950F_device=dreamlte,32.1711226542225,34.81334830357392,30.374327846195634,2,yotam17,f8:ab:05:e9:6d:3d,10,-78.0,Yotam_Shir,00:26:5a:24:f4:f0,8,-87.0
2017-12-01 10:59:23,model=Lenovo PB2-690Y_device=PB2PRO,32.17109229,34.81313135,41.0,1,tal2,90:8d:78:54:22:a1,60,-78.0
2017-12-01 10:59:26,model=Lenovo PB2-690Y_device=PB2PRO,32.17110715,34.81295,41.0,1,sirocco_2.4o,14:cc:20:09:3c:b9,11,-83.0
2017-12-01 10:59:29,model=Lenovo PB2-690Y_device=PB2PRO,32.17106862,34.81283207,36.0,1,DIR-825-4f83,80:26:89:0d:4f:84,1,-91.0
2017-12-01 10:59:32,model=SM-G950F_device=dreamlte,32.17092410916535,34.81275918581424,29.998889595076953,2,claire,cc:b2:55:67:2b:85,6,-90.0,Bezeq Free 672B84,62:b2:55:67:2b:86,6,-92.0
2017-12-01 10:59:35,model=Lenovo PB2-690Y_device=PB2PRO,32.17074693,34.8126719,38.0,2,Motti11,a4:2b:b0:d4:55:36,6,-82.0,motti-5ghz,a4:2b:b0:d4:55:38,40,-88.0
2017-12-01 10:59:41,model=Lenovo PB2-690Y_device=PB2PRO,32.1703328,34.8124744,40.0,1,hot,00:14:bf:42:7e:96,9,-88.0
2017-12-01 10:59:41,model=SM-G950F_device=dreamlte,32.170302961492325,34.81249258786661,30.932706346899515,1,ter123,70:4d:7b:0c:89:50,6,-83.0
2017-12-01 10:59:44,model=Lenovo PB2-690Y_device=PB2PRO,32.17013195,34.81237323,40.0,3,SIEMENS_LivingRoom,d4:6e:0e:3c:44:e1,1,-77.0,hot,00:14:bf:42:7e:96,9,-83.0,hot,18:d6:c7:97:bd:2a,11,-86.0
2017-12-01 10:59:44,model=SM-G950F_device=dreamlte,32.17009177038523,34.8123924291015,30.961174799733378,2,BezeqFree,5a:ab:1b:62:0d:fd,2,-85.0,geller,00:78:9e:fa:3b:62,11,-90.0
2017-12-01 10:59:47,model=Lenovo PB2-690Y_device=PB2PRO,32.16992123,34.81226934,40.0,1,landau,d4:7b:b0:79:65:fc,11,-89.0
2017-12-01 10:59:50,model=Lenovo PB2-690Y_device=PB2PRO,32.16969314,34.81217399,40.0,2,DIRECT-1C-HP DeskJet 3830 series,94:57:a5:4b:4f:41,6,-77.0,BezeqFree,06:ae:db:48:af:4d,9,-90.0
2017-12-01 10:59:50,model=SM-G950F_device=dreamlte,32.16964553962474,34.812198841457004,30.62408958535301,2,nina,20:0c:c8:2b:2a:14,11,-76.0,DIRECT-1C-HP DeskJet 3830 series,94:57:a5:4b:4f:41,6,-85.0
2017-12-01 10:59:53,model=SM-G950F_device=dreamlte,32.169423702689954,34.81210224701049,30.46032095326754,2,UFI_UF230_B3F,00:0b:6c:4d:1b:3f,6,-88.0,hot,00:1c:10:09:4f:bc,3,-90.0
2017-12-01 10:59:56,model=Lenovo PB2-690Y_device=PB2PRO,32.16928044,34.81198781,37.0,1,Home,82:2a:a8:bf:94:29,11,-70.0
2017-12-01 10:59:56,model=SM-G950F_device=dreamlte,32.16921657591955,34.8119993015223,30.246080183177583,2,WR,00:30:4f:82:7b:30,11,-89.0,klaiman,a0:ab:1b:62:0d:fc,2,-90.0
2017-12-01 10:59:59,model=Lenovo PB2-690Y_device=PB2PRO,32.16907948,34.81188495,38.0,1,Candan,c0:ff:d4:7b:82:30,1,-86.0
2017-12-01 10:59:59,model=SM-G950F_device=dreamlte,32.169027594463216,34.81191817927795,29.88889813438273,1,HOTBOX-651B,54:64:d9:5f:59:83,1,-77.0
2017-12-01 11:00:05,model=Lenovo PB2-690Y_device=PB2PRO,32.16887831,34.8118695,35.0,2,Mehta_Up,f8:d1:11:b8:3b:7e,6,-86.0,HOTBOX-8156,b4:ee:b4:a7:81:5c,1,-93.0
2017-12-01 11:00:08,model=Lenovo PB2-690Y_device=PB2PRO,32.16885362,34.81188449,36.0,1,LRWN,0c:f4:d5:29:a2:9c,36,-72.0
2017-12-01 11:00:19,model=Lenovo PB2-690Y_device=PB2PRO,32.16902986,34.81190459,33.0,1,Fuck Off,14:cc:20:da:ab:9a,11,-77.0
2017-12-01 11:00:25,model=Lenovo PB2-690Y_device=PB2PRO,32.16942426,34.81209986,36.0,1,Home,82:2a:a8:bf:93:e5,1,-85.0
2017-12-01 11:00:26,model=SM-G950F_device=dreamlte,32.16956688989755,34.812206661227876,29.984707511555015,1,nina,20:0c:c8:2b:2a:14,11,-71.0
2017-12-01 11:00:29,model=SM-G950F_device=dreamlte,32.169817000218366,34.81230905410695,29.98143136780164,1,landau,74:da:38:14:4b:88,11,-86.0
2017-12-01 11:00:31,model=Lenovo PB2-690Y_device=PB2PRO,32.1699094,34.81230743,38.0,1,Mehta_Up,f8:d1:11:b8:3b:7e,6,-93.0
2017-12-01 11:00:32,model=SM-G950F_device=dreamlte,32.17005164614875,34.812397786519114,29.977980536112952,3,klaiman,a0:ab:1b:62:0d:fc,2,-83.0,LRWN,0c:f4:d5:29:a2:9c,36,-89.0,HOTBOX-651B,54:64:d9:5f:59:83,1,-92.0
2017-12-01 11:00:34,model=Lenovo PB2-690Y_device=PB2PRO,32.17010919,34.81240174,38.0,3,Siemens,d0:d4:12:5e:db:f2,11,-82.0,BezeqFree,5a:ab:1b:62:0d:fd,2,-82.0,HP-Print-8A-Deskjet 4640 series,8c:dc:d4:6a:a9:8a,11,-84.0
2017-12-01 11:00:34,model=SM-G950F_device=dreamlte,32.17019624834832,34.81245570309557,29.861150924216155,1,frank,e8:94:f6:e2:6e:4b,6,-65.0
2017-12-01 11:00:38,model=SM-G950F_device=dreamlte,32.1704760444708,34.812577158369976,29.67313485345308,3,ter123,70:4d:7b:0c:89:50,6,-75.0,UFI_UF230_B3F,00:0b:6c:4d:1b:3f,6,-81.0,hot,00:1c:10:09:4f:bc,3,-84.0
2017-12-01 11:00:40,model=Lenovo PB2-690Y_device=PB2PRO,32.17053537,34.81259485,37.0,1,Gillad-1_2.4,c4:04:15:64:e8:cc,11,-77.0
2017-12-01 11:00:41,model=SM-G950F_device=dreamlte,32.170654027529686,34.81268553093009,29.21502010815968,2,UFI_UF230_B3F,00:0b:6c:4d:1b:3f,6,-70.0,TUCHLER,00:26:5a:69:94:e3,6,-90.0
2017-12-01 11:00:43,model=Lenovo PB2-690Y_device=PB2PRO,32.17071158,34.81270666,38.0,1,TP-LINK_76C08E,14:cc:20:76:c0:8e,1,-85.0
2017-12-01 11:00:44,model=SM-G950F_device=dreamlte,32.17081209129427,34.812767664505046,28.924403723449103,1,Laufer-wifi,4c:60:de:51:8b:ca,11,-89.0
2017-12-01 11:00:47,model=SM-G950F_device=dreamlte,32.17095455549593,34.81282029540289,29.011697047706974,1,HP-Print-AF-Officejet Pro 6830,28:80:23:40:5f:af,6,-70.0
2017-12-01 11:00:49,model=Lenovo PB2-690Y_device=PB2PRO,32.17100176,34.81280707,37.0,1,Motti11,a4:2b:b0:d4:55:36,6,-74.0
2017-12-01 11:00:52,model=Lenovo PB2-690Y_device=PB2PRO,32.17119137,34.81287892,38.0,1,Siemens,d0:d4:12:5e:db:f2,11,-93.0
2017-12-01 11:00:59,model=SM-G950F_device=dreamlte,32.17178366806458,34.812966284830594,29.955616590355632,2,Oded 5Ghz,00:12:2a:e1:6c:4c,48,-89.0,Oded 2.4Ghz,00:12:2a:e1:6c:48,11,-89.0
2017-12-01 11:01:01,model=Lenovo PB2-690Y_device=PB2PRO,32.1718612,34.81297848,39.0,2,Oded,14:cc:20:76:b8:2a,11,-87.0,HOTBOX-747B,e8:d1:1b:72:74:81,1,-91.0
2017-12-01 11:01:04,model=Lenovo PB2-690Y_device=PB2PRO,32.17207279,34.81300217,38.0,1,DIR-825-4f83,80:26:89:0d:4f:84,1,-84.0
2017-12-01 11:01:05,model=SM-G950F_device=dreamlte,32.17221891605429,34.813008839731566,30.49784498151697,1,DIR-825-4f83,80:26:89:0d:4f:84,1,-78.0
2017-12-01 11:01:07,model=Lenovo PB2-690Y_device=PB2PRO,32.17226238,34.81302647,39.0,1,DIR-825-4f83,80:26:89:0d:4f:84,1,-76.0
2017-12-01 11:01:10,model=Lenovo PB2-690Y_device=PB2PRO,32.17239057,34.81308783,38.0,1,DIR-825-4f83,80:26:89:0d:4f:84,1,-70.0
2017-12-01 11:01:11,model=SM-G950F_device=dreamlte,32.17246213445027,34.81314408162315,30.730460765215987,1,DIR-825-4f83,80:26:89:0d:4f:84,1,-70.0
2017-12-01 11:01:19,model=Lenovo PB2-690Y_device=PB2PRO,32.17235589,34.81368604,36.0,2,lellouche,a4:2b:b0:ad:2d:34,5,-82.0,DIRECT-CC-HP DeskJet 4670 series,70:5a:0f:b2:64:cd,6,-93.0
2017-12-01 11:01:20,model=SM-G950F_device=dreamlte,32.172359339129684,34.81383247774181,31.35812286745131,2,Bezeq Free GA32E3,52:b0:ce:ac:32:98,1,-67.0,Lahav,08:3e:5d:5c:72:5e,11,-83.0
2017-12-01 11:01:23,model=Lenovo PB2-690Y_device=PB2PRO,32.17230215,34.81400233,37.0,2,sellahome,d8:fb:5e:17:47:f8,9,-89.0,Ben-Eliyahu_PC,80:1f:02:d4:9a:92,10,-92.0
2017-12-01 11:01:26,model=Lenovo PB2-690Y_device=PB2PRO,32.17227412,34.81420299,37.0,1,Orit,c4:a8:1d:12:7d:4c,6,-66.0
2017-12-01 11:01:26,model=SM-G950F_device=dreamlte,32.17229583572982,34.814265874458584,32.03668527946496,1,love,14:ae:db:58:73:75,1,-58.0
2017-12-01 11:03:43,model=Lenovo PB2-690Y_device=PB2PRO,32.17223176,34.81443004,45.0,1,HUAWEI-00F1,14:9d:09:80:00:f1,6,-85.0
2017-12-01 11:04:06,model=SM-G950F_device=dreamlte,32.17221784967324,34.814398286352024,49.173541035059245,1,BezeqFree,06:ae:db:58:73:75,1,-74.0
2017-12-01 11:04:18,model=SM-G950F_device=dreamlte,32.17227246645649,34.81408016821385,47.69363736183398,1,BezeqFree,06:ae:db:58:73:75,1,-57.0
2017-12-01 11:04:21,model=Lenovo PB2-690Y_device=PB2PRO,32.17232954,34.81388258,48.0,1,Basement,f4:f2:6d:af:45:26,3,-93.0
2017-12-01 11:04:21,model=SM-G950F_device=dreamlte,32.17230692344676,34.81390382396507,46.72223219542287,1,Lahav,fc:b4:e6:d2:86:9e,11,-81.0
2017-12-01 11:04:33,model=Lenovo PB2-690Y_device=PB2PRO,32.17242844,34.81312422,41.0,1,Orit,c4:a8:1d:12:7d:4c,6,-93.0
2017-12-01 11:04:36,model=Lenovo PB2-690Y_device=PB2PRO,32.17244679,34.81292387,39.0,1,sellahome,d8:fb:5e:17:47:f8,9,-90.0
2017-12-01 11:04:39,model=Lenovo PB2-690Y_device=PB2PRO,32.17247957,34.81271468,40.0,1,DIRECT-CC-HP DeskJet 4670 series,70:5a:0f:b2:64:cd,6,-67.0
2017-12-01 11:04:45,model=SM-G950F_device=dreamlte,32.17257421641877,34.81234245317759,43.21979901905486,2,HOTBOX1234,00:78:9e:f9:f5:5b,1,-81.0,DIRECT-56-HP OfficeJet 6950,30:e1:71:be:67:57,11,-90.0
2017-12-01 11:04:48,model=SM-G950F_device=dreamlte,32.172567936910234,34.81218573168659,43.070084903708576,2,Gil Kitchen,80:1f:02:a3:7d:62,6,-83.0,varda,c4:12:f5:85:27:c2,1,-87.0
2017-12-01 11:04:51,model=Lenovo PB2-690Y_device=PB2PRO,32.17237857,34.81205701,35.0,1,GFCM,14:ae:db:32:d5:c2,4,-92.0
2017-12-01 11:04:51,model=SM-G950F_device=dreamlte,32.17244369050431,34.81206365704524,42.92341219500959,2,kenley-up,88:dc:96:3b:f5:e0,6,-87.0,DIR-825-4f83,80:26:89:0d:4f:84,1,-89.0
2017-12-01 11:04:54,model=SM-G950F_device=dreamlte,32.17225037592235,34.81198974378003,42.69739354875747,1,varda,c4:12:f5:85:27:c2,1,-80.0
2017-12-01 11:04:57,model=Lenovo PB2-690Y_device=PB2PRO,32.17197416,34.81189999,33.0,2,Liza,8c:59:c3:ea:db:4a,1,-88.0,INGENEO,cc:b2:55:e8:4c:e6,6,-90.0
2017-12-01 11:05:00,model=SM-G950F_device=dreamlte,32.171773657455525,34.81183741979604,41.75368557840066,1,Liza,8c:59:c3:ea:db:4b,36,-91.0
2017-12-01 11:05:03,model=Lenovo PB2-690Y_device=PB2PRO,32.17153243,34.81172407,31.0,2,SEW132_23574336,08:97:58:31:e0:c6,3,-87.0,Shani - Green,54:b8:0a:34:78:d0,6,-88.0
2017-12-01 11:05:03,model=SM-G950F_device=dreamlte,32.171557399952235,34.81175227461636,41.42241716240946,1,SEW132_23574336,08:97:58:31:e0:c6,3,-85.0
2017-12-01 11:05:06,model=Lenovo PB2-690Y_device=PB2PRO,32.17131792,34.81162405,29.0,1,SEW132_23574336,08:97:58:31:e0:c6,3,-78.0
2017-12-01 11:05:06,model=SM-G950F_device=dreamlte,32.17134387611023,34.8116686534985,41.11423605499236,3,HOTBOX-1966,6c:2e:85:fe:da:b8,6,-75.0,SEW132_23574336,08:97:58:31:e0:c6,3,-79.0,ronkla2,3c:1e:04:07:2a:fe,6,-80.0
2017-12-01 11:05:15,model=Lenovo PB2-690Y_device=PB2PRO,32.17063751,34.81125367,31.0,1,David,c4:12:f5:82:92:78,9,-96.0
2017-12-01 11:05:18,model=SM-G950F_device=dreamlte,32.17043064941609,34.81119993629276,40.926265973661245,2,shlomi,d8:5d:4c:d9:c4:68,1,-65.0,gononsmarthome,18:cc:23:00:18:45,3,-89.0
2017-12-01 11:05:21,model=SM-G950F_device=dreamlte,32.17019380074371,34.81108803927924,41.084818088945596,1,stephane,00:24:2b:cf:13:21,1,-64.0
2017-12-01 11:05:24,model=Lenovo PB2-690Y_device=PB2PRO,32.16991824,34.81090236,25.0,1, ,fa:8f:ca:35:6e:e9,1,-86.0
2017-12-01 11:05:24,model=SM-G950F_device=dreamlte,32.1699449632106,34.81096823595285,41.15224303065266,2,Rozenkrants,86:2a:a8:a1:a0:b5,1,-89.0,RS_GUEST,ec:08:6b:38:0d:dd,12,-90.0
2017-12-01 11:05:27,model=Lenovo PB2-690Y_device=PB2PRO,32.16965679,34.81081664,26.0,1,oved-main,74:da:39:54:b8:1d,6,-79.0
2017-12-01 11:05:27,model=SM-G950F_device=dreamlte,32.16969384158719,34.810860989133886,40.951736594141536,2,oved-main_2EX,74:da:38:54:b8:1c,6,-80.0,bait,10:be:f5:3f:b2:ce,10,-92.0
2017-12-01 11:05:30,model=SM-G950F_device=dreamlte,32.169457779876055,34.81076504710256,40.54230601717542,2,Lili,c4:12:f5:f9:5c:7c,11,-79.0,HOTBOX-2E6E,b0:b2:8f:1e:ea:68,11,-81.0
2017-12-01 11:05:36,model=Lenovo PB2-690Y_device=PB2PRO,32.16902724,34.81057961,21.0,1,GFCM,14:ae:db:32:d5:c2,4,-95.0
2017-12-01 11:05:39,model=SM-G950F_device=dreamlte,32.16885854901348,34.810540283347045,39.92476460820798,1,RS_GUEST,e4:6f:13:71:f5:ce,9,-91.0
2017-12-01 11:05:42,model=Lenovo PB2-690Y_device=PB2PRO,32.16875936,34.81062936,19.0,3,simon,e4:6f:13:73:0a:c2,8,-79.0,HTC,06:c2:3e:e4:21:85,4,-86.0,LRWN,ec:8c:a2:09:dd:48,11,-87.0
2017-12-01 11:05:45,model=SM-G950F_device=dreamlte,32.168714629959446,34.81081986992245,39.792046107646115,1,A-Home,00:25:86:b1:6f:f8,6,-85.0
2017-12-01 11:05:48,model=SM-G950F_device=dreamlte,32.168714580027334,34.81107879163651,40.1458062027948,1,LRWN,0c:f4:d5:29:a2:9c,36,-89.0
2017-12-01 11:05:57,model=Lenovo PB2-690Y_device=PB2PRO,32.16883049,34.8117473,25.0,2,LRWN,ec:8c:a2:09:dd:48,11,-62.0,simon,e4:6f:13:73:0a:c2,8,-91.0
2017-12-01 11:05:57,model=SM-G950F_device=dreamlte,32.16881183895412,34.81174970350504,40.650001121744175,3,LRWN,0c:f4:d5:29:a2:9c,36,-83.0,HOTFiber-400D,40:65:a3:2b:62:22,6,-83.0,HP-Setup>77-M277 LaserJet,92:cd:b6:2b:e9:77,1,-87.0
2017-12-01 11:06:00,model=SM-G950F_device=dreamlte,32.168934759058615,34.811856011826194,40.330499133060776,1,LRWN,0c:f4:d5:29:a2:9c,36,-73.0
2017-12-01 11:06:06,model=SM-G950F_device=dreamlte,32.16931815149732,34.81204692954307,40.1577920904256,1,Home,82:2a:a8:bf:94:29,11,-74.0
2017-12-01 11:06:09,model=Lenovo PB2-690Y_device=PB2PRO,32.1695048,34.81211179,27.0,1,DIRECT-A5-HP DeskJet 3700 series,40:b0:34:62:33:a6,6,-87.0
2017-12-01 11:06:12,model=SM-G950F_device=dreamlte,32.16970424697143,34.8122124147935,40.24753875469891,1,InnovationEndeavors-guest,14:ae:db:48:af:4d,9,-91.0
2017-12-01 11:06:15,model=Lenovo PB2-690Y_device=PB2PRO,32.1698844,34.8123046,28.0,1,HOTBOX-8156,b4:ee:b4:a7:81:5c,1,-96.0
2017-12-01 11:06:15,model=SM-G950F_device=dreamlte,32.16988799418102,34.81228859490431,40.1543864581257,2,  InnovationEndeavors,74:da:38:a9:1c:df,2,-88.0,snapper1,00:78:9e:fa:0e:db,1,-91.0
2017-12-01 11:06:18,model=Lenovo PB2-690Y_device=PB2PRO,32.17005572,34.81236632,30.0,1,Siemens,d0:d4:12:5e:db:f2,11,-88.0
2017-12-01 11:06:18,model=SM-G950F_device=dreamlte,32.17005822708653,34.81236874860562,40.072466932473205,1,ter123,70:4d:7b:0c:89:50,6,-69.0
2017-12-01 11:06:24,model=Lenovo PB2-690Y_device=PB2PRO,32.17043367,34.8125393,30.0,1,InnovationEndeavors-guest,14:ae:db:48:af:4d,9,-94.0
2017-12-01 11:06:27,model=Lenovo PB2-690Y_device=PB2PRO,32.17062832,34.81264147,30.0,2,UFI_UF230_B3F,00:0b:6c:4d:1b:3f,6,-58.0,Oded,14:cc:20:76:b8:2a,11,-82.0
2017-12-01 11:06:30,model=SM-G950F_device=dreamlte,32.17081505526214,34.812720955098236,39.90215021290214,1,TP-LINK_76C08E,14:cc:20:76:c0:8e,1,-84.0
2017-12-01 11:06:33,model=Lenovo PB2-690Y_device=PB2PRO,32.17104463,34.81283858,28.0,1,klaiman,a0:ab:1b:62:0d:fc,2,-95.0
2017-12-01 11:06:36,model=Lenovo PB2-690Y_device=PB2PRO,32.17123718,34.81290186,30.0,2,maya salon,c4:a8:1d:12:df:c5,1,-94.0,@Cafe,52:a8:1d:12:df:c4,1,-94.0
2017-12-01 11:06:36,model=SM-G950F_device=dreamlte,32.17122085604919,34.81289551990273,39.73559705218988,1,DIR-825-4f83,80:26:89:0d:4f:84,1,-87.0
2017-12-01 11:06:39,model=Lenovo PB2-690Y_device=PB2PRO,32.17144111,34.81293238,31.0,2,DIRECT-75-HP DeskJet 4670 series,b0:5a:da:fa:44:76,6,-85.0,ELDAD,10:0d:7f:80:17:80,11,-95.0
2017-12-01 11:06:42,model=Lenovo PB2-690Y_device=PB2PRO,32.17167256,34.81294533,30.0,1,UFI_UF230_B3F,00:0b:6c:4d:1b:3f,6,-90.0
2017-12-01 11:06:45,model=Lenovo PB2-690Y_device=PB2PRO,32.1718793,34.81297015,30.0,2,HOTBOX-2017,c0:ac:54:f5:7d:bd,11,-89.0,Oded,14:cc:20:76:b8:2a,11,-91.0
2017-12-01 11:06:45,model=SM-G950F_device=dreamlte,32.1718456468208,34.81297115265297,39.68353274635085,1,HOTBOX-2017,c0:ac:54:f5:7d:bd,11,-89.0
2017-12-01 11:06:48,model=SM-G950F_device=dreamlte,32.17203899486285,34.81300152330893,39.469898889224396,1,DIR-825-4f83,80:26:89:0d:4f:84,1,-81.0
2017-12-01 11:06:54,model=SM-G950F_device=dreamlte,32.17236326227764,34.81307622429901,39.21219723886117,1,DIR-825-4f83,80:26:89:0d:4f:84,1,-74.0
2017-12-01 11:06:55,model=Lenovo PB2-690Y_device=PB2PRO,32.17240723,34.81310031,28.0,1,ELDAD,10:0d:7f:80:17:80,11,-82.0
2017-12-01 11:06:58,model=Lenovo PB2-690Y_device=PB2PRO,32.1724394,34.81321284,29.0,1,HOTBOX-1A14,00:07:26:4f:07:ae,6,-86.0
2017-12-01 11:07:00,model=SM-G950F_device=dreamlte,32.1724057467908,34.81330741796876,38.953487046589466,1,DIR-825-4f83,80:26:89:0d:4f:84,1,-66.0
2017-12-01 11:07:01,model=Lenovo PB2-690Y_device=PB2PRO,32.17241585,34.81336604,28.0,1,sellahome,d8:fb:5e:17:47:f8,9,-82.0
2017-12-01 11:07:03,model=SM-G950F_device=dreamlte,32.1723824503716,34.81347918498145,38.90856296704865,1,Bezeq Free GA32E3,52:b0:ce:ac:32:98,1,-62.0
2017-12-01 11:07:07,model=Lenovo PB2-690Y_device=PB2PRO,32.17233583,34.81372174,33.0,1,DIRECT-CC-HP DeskJet 4670 series,70:5a:0f:b2:64:cd,6,-95.0
2017-12-01 11:07:10,model=Lenovo PB2-690Y_device=PB2PRO,32.17230093,34.81393684,34.0,2,Orit,c4:a8:1d:12:7d:4c,6,-78.0,Basement,f4:f2:6d:af:45:26,3,-87.0
2017-12-01 11:07:12,model=SM-G950F_device=dreamlte,32.17228718061519,34.8140756807789,39.76563390143588,1,Orit,c4:a8:1d:12:7d:4c,6,-57.0
2017-12-01 11:07:13,model=Lenovo PB2-690Y_device=PB2PRO,32.17226588,34.81413733,37.0,1,Orit,c4:a8:1d:12:7d:4c,6,-64.0
2017-12-01 11:07:18,model=SM-G950F_device=dreamlte,32.17225793952015,34.81441454466233,40.08129430873258,2,Km,48:ee:0c:3d:eb:b8,9,-85.0,HUAWEI-009D,14:9d:09:80:00:9d,4,-86.0
2017-12-01 11:09:20,model=Lenovo PB2-690Y_device=PB2PRO,32.17237924,34.81348839,36.0,1,HOTBOX-1234,7c:03:4c:ba:f5:5a,6,-75.0
2017-12-01 11:09:29,model=Lenovo PB2-690Y_device=PB2PRO,32.17249007,34.81279901,35.0,2,dobry2016,6c:b0:ce:ac:32:9b,1,-89.0,Bezeq Free GA32E3,52:b0:ce:ac:32:98,1,-90.0
2017-12-01 11:09:32,model=Lenovo PB2-690Y_device=PB2PRO,32.17254002,34.81256671,36.0,3,DIRECT-CC-HP DeskJet 4670 series,70:5a:0f:b2:64:cd,6,-68.0,ELDAD,10:0d:7f:80:17:80,11,-77.0,Lahav,b0:b2:8f:01:ad:fe,11,-87.0
2017-12-01 11:09:41,model=Lenovo PB2-690Y_device=PB2PRO,32.1723185,34.81202557,33.0,2,Candan,c0:ff:d4:7b:82:30,1,-89.0,KaymeraDev,00:f6:63:15:58:81,1,-90.0
2017-12-01 11:09:44,model=Lenovo PB2-690Y_device=PB2PRO,32.17206721,34.81192728,32.0,2,KaymeraGuest,00:f6:63:15:58:82,1,-94.0,alfa,f4:f2:6d:5e:d0:48,11,-96.0
2017-12-01 11:09:47,model=Lenovo PB2-690Y_device=PB2PRO,32.17180755,34.81183239,31.0,1,BezeqNGN_10072E_5GHz_1,c4:04:15:60:6a:b6,48,-82.0
2017-12-01 11:09:56,model=Lenovo PB2-690Y_device=PB2PRO,32.17106538,34.81150977,30.0,3,G10,c0:ac:54:f8:0c:ac,11,-94.0,TP-LINK-BET,f8:d1:11:ce:e5:e6,4,-96.0,HP-Print-AF-Officejet Pro 6830,28:80:23:40:5f:af,6,-96.0
2017-12-01 11:10:04,model=Lenovo PB2-690Y_device=PB2PRO,32.17043936,34.81118089,29.0,4,Hetz2,74:da:38:6c:89:7b,1,-83.0,DIRECT-85-HP OfficeJet Pro 6960,98:e7:f4:0a:dd:86,6,-89.0,RDK,58:b6:33:34:ae:f8,11,-91.0,gononsmarthome,18:cc:23:00:18:45,3,-92.0
2017-12-01 11:10:13,model=Lenovo PB2-690Y_device=PB2PRO,32.16967507,34.81084759,30.0,1,  InnovationEndeavors,74:da:38:a9:1c:df,2,-92.0
2017-12-01 11:10:17,model=Lenovo PB2-690Y_device=PB2PRO,32.16931851,34.81071738,31.0,1,Alpha125,10:fe:ed:74:fc:46,1,-92.0
2017-12-01 11:10:26,model=Lenovo PB2-690Y_device=PB2PRO,32.16874453,34.81063066,28.0,3,INGENEO,cc:b2:55:e8:4c:e6,6,-88.0,Candan,c0:ff:d4:7b:82:30,1,-88.0,simon,e4:6f:13:73:0a:c2,8,-90.0
2017-12-01 11:10:32,model=Lenovo PB2-690Y_device=PB2PRO,32.16871788,34.811185,29.0,1,Avisky,00:78:9e:fa:b2:d0,11,-91.0
2017-12-01 11:10:37,model=Lenovo PB2-690Y_device=PB2PRO,32.16879785,34.81168165,32.0,1,Talfamily2,90:8d:78:b6:28:f6,5,-62.0
2017-12-01 11:10:40,model=Lenovo PB2-690Y_device=PB2PRO,32.16894005,34.81185931,31.0,1,Candan,c0:ff:d4:7b:82:30,1,-95.0
2017-12-01 11:10:50,model=Lenovo PB2-690Y_device=PB2PRO,32.16968439,34.8121884,31.0,1,HOTBOX-C18E,e0:ce:c3:8c:c1:94,1,-93.0
2017-12-01 11:10:53,model=Lenovo PB2-690Y_device=PB2PRO,32.16991843,34.81229315,30.0,2,UFI_UF230_B3F,00:0b:6c:4d:1b:3f,6,-91.0,snapper1,00:78:9e:fa:0e:db,1,-93.0
2017-12-01 11:10:59,model=Lenovo PB2-690Y_device=PB2PRO,32.17035702,34.81248459,32.0,2,HOTBOX-62EF,d8:fb:5e:17:62:f5,1,-80.0,UFI_UF230_B3F,00:0b:6c:4d:1b:3f,6,-85.0
2017-12-01 11:11:02,model=Lenovo PB2-690Y_device=PB2PRO,32.17056857,34.81258185,32.0,2,UFI_UF230_B3F,00:0b:6c:4d:1b:3f,6,-73.0,Oded,14:cc:20:76:b8:2a,11,-94.0
2017-12-01 11:11:04,model=Lenovo PB2-690Y_device=PB2PRO,32.17072078,34.81264811,34.0,2,Oded,14:cc:20:76:b8:2a,11,-72.0,HOTBOX-2017,c0:ac:54:f5:7d:bd,11,-89.0
2017-12-01 11:11:08,model=Lenovo PB2-690Y_device=PB2PRO,32.1710117,34.81277801,37.0,2,HOTBOX-2017,c0:ac:54:f5:7d:bd,11,-72.0,HP-Print-AF-Officejet Pro 6830,28:80:23:40:5f:af,6,-84.0
2017-12-01 11:11:14,model=Lenovo PB2-690Y_device=PB2PRO,32.17146616,34.81290244,38.0,2,hot,00:1c:10:09:4f:bc,3,-84.0,Floor 2,74:da:38:b6:f3:7a,2,-94.0
2017-12-01 11:11:17,model=Lenovo PB2-690Y_device=PB2PRO,32.17168939,34.8129304,36.0,1,UFI_UF230_B3F,00:0b:6c:4d:1b:3f,6,-87.0
2017-12-01 11:11:20,model=Lenovo PB2-690Y_device=PB2PRO,32.17192126,34.81295967,34.0,3,Oded 5Ghz,00:12:2a:e1:6c:4c,48,-87.0,Oded,14:cc:20:76:b8:2a,11,-94.0,Oded 2.4Ghz,00:12:2a:e1:6c:48,11,-94.0
2017-12-01 11:11:38,model=Lenovo PB2-690Y_device=PB2PRO,32.17238006,34.81359923,34.0,2,Lahav,b0:b2:8f:01:ad:fe,11,-88.0,DIRECT-CC-HP DeskJet 4670 series,70:5a:0f:b2:64:cd,6,-94.0
2017-12-01 11:11:41,model=Lenovo PB2-690Y_device=PB2PRO,32.17233383,34.81384954,37.0,3,Lahav,b0:b2:8f:01:ad:fe,11,-74.0,dobry2016,6c:b0:ce:ac:32:9b,1,-84.0,Bezeq Free GA32E3,52:b0:ce:ac:32:98,1,-86.0
2017-12-01 11:11:44,model=Lenovo PB2-690Y_device=PB2PRO,32.17231097,34.81407594,39.0,1,DIRECT-F6-HP DeskJet 3830 series,30:e1:71:fb:1e:f7,11,-92.0

